--
-- PostgreSQL database dump
--

-- Dumped from database version 17.0
-- Dumped by pg_dump version 17.0

-- Started on 2025-05-21 16:20:09

SET statement_timeout = 0;
SET lock_timeout = 0;
SET idle_in_transaction_session_timeout = 0;
SET transaction_timeout = 0;
SET client_encoding = 'UTF8';
SET standard_conforming_strings = on;
SELECT pg_catalog.set_config('search_path', '', false);
SET check_function_bodies = false;
SET xmloption = content;
SET client_min_messages = warning;
SET row_security = off;

--
-- TOC entry 898 (class 1247 OID 41312)
-- Name: appointment_status; Type: TYPE; Schema: public; Owner: postgres
--

CREATE TYPE public.appointment_status AS ENUM (
    'scheduled',
    'in_progress',
    'completed',
    'cancelled'
);


ALTER TYPE public.appointment_status OWNER TO postgres;

--
-- TOC entry 874 (class 1247 OID 41086)
-- Name: employee_status; Type: TYPE; Schema: public; Owner: postgres
--

CREATE TYPE public.employee_status AS ENUM (
    'available',
    'busy',
    'off_duty'
);


ALTER TYPE public.employee_status OWNER TO postgres;

--
-- TOC entry 871 (class 1247 OID 41078)
-- Name: gender_type; Type: TYPE; Schema: public; Owner: postgres
--

CREATE TYPE public.gender_type AS ENUM (
    'male',
    'female',
    'other'
);


ALTER TYPE public.gender_type OWNER TO postgres;

--
-- TOC entry 889 (class 1247 OID 41242)
-- Name: payment_status; Type: TYPE; Schema: public; Owner: postgres
--

CREATE TYPE public.payment_status AS ENUM (
    'PENDING',
    'COMPLETED',
    'CANCELLED',
    'REFUNDED'
);


ALTER TYPE public.payment_status OWNER TO postgres;

--
-- TOC entry 246 (class 1255 OID 90430)
-- Name: add_customer(character varying, character varying, character varying, character varying); Type: PROCEDURE; Schema: public; Owner: postgres
--

CREATE PROCEDURE public.add_customer(IN p_first_name character varying, IN p_last_name character varying, IN p_phone character varying, IN p_email character varying)
    LANGUAGE plpgsql
    AS $$
BEGIN
    -- Check if phone already exists
    IF EXISTS (SELECT 1 FROM customer WHERE phone = p_phone) THEN
        RAISE EXCEPTION 'Customer with phone % already exists', p_phone;
    END IF;

    -- Insert new customer
    INSERT INTO customer (
        first_name,
        last_name,
        phone,
        email
    ) VALUES (
        p_first_name,
        p_last_name,
        p_phone,
        p_email
    );

    RAISE NOTICE 'Customer % % added successfully', p_first_name, p_last_name;

EXCEPTION 
    WHEN OTHERS THEN
        RAISE EXCEPTION 'Failed to add customer: %', SQLERRM;
END;
$$;


ALTER PROCEDURE public.add_customer(IN p_first_name character varying, IN p_last_name character varying, IN p_phone character varying, IN p_email character varying) OWNER TO postgres;

--
-- TOC entry 249 (class 1255 OID 90431)
-- Name: add_customer(character varying, character varying, public.gender_type, character varying, character varying); Type: PROCEDURE; Schema: public; Owner: postgres
--

CREATE PROCEDURE public.add_customer(IN p_first_name character varying, IN p_last_name character varying, IN p_gender public.gender_type, IN p_phone character varying, IN p_email character varying)
    LANGUAGE plpgsql
    AS $$
BEGIN
    -- Check if phone already exists
    IF EXISTS (SELECT 1 FROM customer WHERE phone_number = p_phone) THEN
        RAISE EXCEPTION 'Customer with phone % already exists', p_phone;
    END IF;

    -- Insert new customer
    INSERT INTO customer (
        first_name,
        last_name,
        gender,
        phone_number,
        email
    ) VALUES (
        p_first_name,
        p_last_name,
        p_gender,
        p_phone,
        p_email
    );

    RAISE NOTICE 'Customer % % added successfully', p_first_name, p_last_name;

EXCEPTION 
    WHEN OTHERS THEN
        RAISE EXCEPTION 'Failed to add customer: %', SQLERRM;
END;
$$;


ALTER PROCEDURE public.add_customer(IN p_first_name character varying, IN p_last_name character varying, IN p_gender public.gender_type, IN p_phone character varying, IN p_email character varying) OWNER TO postgres;

--
-- TOC entry 243 (class 1255 OID 41289)
-- Name: calculate_end_time(); Type: FUNCTION; Schema: public; Owner: postgres
--

CREATE FUNCTION public.calculate_end_time() RETURNS trigger
    LANGUAGE plpgsql
    AS $$
DECLARE
    service_duration INT;
BEGIN
    -- Get the service duration from service table
    SELECT s.duration_min INTO service_duration
    FROM employee_service es
    JOIN service s ON es.service_id = s.id
    WHERE es.id = NEW.employee_service_id;

    -- Calculate end_time by adding duration to appointment_time
    NEW.end_time := NEW.appointment_time + (service_duration || ' minutes')::interval;

	-- Update employee status to 'busy'
    UPDATE employee 
    SET current_status = 'busy'
    FROM employee_service es
    WHERE employee.id = es.employee_id 
    AND es.id = NEW.employee_service_id;
	
    RETURN NEW;
END;
$$;


ALTER FUNCTION public.calculate_end_time() OWNER TO postgres;

--
-- TOC entry 253 (class 1255 OID 90447)
-- Name: calculate_revenue_percentage(numeric); Type: FUNCTION; Schema: public; Owner: postgres
--

CREATE FUNCTION public.calculate_revenue_percentage(p_service_revenue numeric) RETURNS numeric
    LANGUAGE plpgsql
    AS $$
DECLARE
    total_revenue NUMERIC;
BEGIN
    -- Calculate the total revenue from the payment table
    SELECT SUM(amount) INTO total_revenue
    FROM payment
    WHERE status = 'COMPLETED'; -- Only consider completed payments

    -- Calculate the percentage
    RETURN ROUND((p_service_revenue * 100.0 / total_revenue), 1);
END;
$$;


ALTER FUNCTION public.calculate_revenue_percentage(p_service_revenue numeric) OWNER TO postgres;

--
-- TOC entry 242 (class 1255 OID 41291)
-- Name: create_pending_payment(); Type: FUNCTION; Schema: public; Owner: postgres
--

CREATE FUNCTION public.create_pending_payment() RETURNS trigger
    LANGUAGE plpgsql
    AS $$
DECLARE
    service_price DECIMAL(10,2);
BEGIN
    -- Get the service price
    SELECT s.price INTO service_price
    FROM employee_service es
    JOIN service s ON es.service_id = s.id
    WHERE es.id = NEW.employee_service_id;

    -- Create payment record
    INSERT INTO payment (
        appointment_id,
        amount,
        payment_date,
        payment_time,
        status
    ) VALUES (
        NEW.id,
        service_price,
        NEW.appointment_date,
        NEW.appointment_time,
        'PENDING'
    );

    RETURN NEW;
END;
$$;


ALTER FUNCTION public.create_pending_payment() OWNER TO postgres;

--
-- TOC entry 252 (class 1255 OID 90446)
-- Name: daily_revenue_report(); Type: FUNCTION; Schema: public; Owner: postgres
--

CREATE FUNCTION public.daily_revenue_report() RETURNS TABLE(appointment_date date, total_appointments bigint, total_revenue numeric)
    LANGUAGE plpgsql
    AS $$
BEGIN
    RETURN QUERY
    SELECT 
        a.appointment_date,
        COUNT(*) AS total_appointments,
        SUM(p.amount) AS total_revenue
    FROM 
        appointment a
    JOIN 
        payment p ON a.id = p.appointment_id
	WHERE 
		a.appointment_date BETWEEN '2024-09-01' AND '2024-09-30'
    GROUP BY 
        a.appointment_date
    ORDER BY 
        a.appointment_date;
END;
$$;


ALTER FUNCTION public.daily_revenue_report() OWNER TO postgres;

--
-- TOC entry 247 (class 1255 OID 90428)
-- Name: schedule_appointment(integer, integer, time without time zone); Type: PROCEDURE; Schema: public; Owner: postgres
--

CREATE PROCEDURE public.schedule_appointment(IN p_customer_id integer, IN p_employee_service_id integer, IN p_appointment_time time without time zone)
    LANGUAGE plpgsql
    AS $$
DECLARE
    v_employee_id INT;
    v_existing_count INT;
    v_service_id INT;
BEGIN
    -- Get employee ID and service ID
    SELECT employee_id, service_id INTO v_employee_id, v_service_id
    FROM employee_service
    WHERE id = p_employee_service_id;

    -- 1. Customer check
    IF NOT EXISTS (SELECT 1 FROM customer WHERE id = p_customer_id) THEN
        RAISE EXCEPTION 'Invalid customer ID';
    END IF;

    -- 2. Employee service check
    IF v_employee_id IS NULL OR v_service_id IS NULL THEN
        RAISE EXCEPTION 'Invalid employee service combination';
    END IF;

    -- 3. Time validation
    IF p_appointment_time < CURRENT_TIME THEN
        RAISE EXCEPTION 'Cannot schedule appointments in the past';
    END IF;

    -- 4. Check for overlapping appointments
    SELECT COUNT(*) INTO v_existing_count
    FROM appointment a
    JOIN employee_service es ON a.employee_service_id = es.id
    WHERE 
        es.employee_id = v_employee_id
        AND a.appointment_date = CURRENT_DATE
        AND a.status IN ('scheduled', 'in_progress')
        AND p_appointment_time BETWEEN a.appointment_time AND a.end_time;

    IF v_existing_count > 0 THEN
        RAISE EXCEPTION 'Time slot not available for this employee';
    END IF;

    -- Insert appointment
    INSERT INTO appointment (
        customer_id,
        employee_service_id,
        appointment_date,
        appointment_time,
        status
    ) VALUES (
        p_customer_id,
        p_employee_service_id,
        CURRENT_DATE,
        p_appointment_time,
        'scheduled'
    );

    RAISE NOTICE 'Appointment scheduled successfully for % at %', CURRENT_DATE, p_appointment_time;

EXCEPTION 
    WHEN OTHERS THEN
        RAISE EXCEPTION 'Scheduling failed: %', SQLERRM;
END;
$$;


ALTER PROCEDURE public.schedule_appointment(IN p_customer_id integer, IN p_employee_service_id integer, IN p_appointment_time time without time zone) OWNER TO postgres;

--
-- TOC entry 251 (class 1255 OID 90442)
-- Name: set_employee_off_duty(integer); Type: PROCEDURE; Schema: public; Owner: postgres
--

CREATE PROCEDURE public.set_employee_off_duty(IN p_employee_id integer)
    LANGUAGE plpgsql
    AS $$
DECLARE 
    v_exists BOOLEAN;
    v_has_appointments BOOLEAN;
BEGIN
    -- First check if employee exists
    SELECT EXISTS (
        SELECT 1 FROM employee WHERE id = p_employee_id
    ) INTO v_exists;

    IF NOT v_exists THEN
        ROLLBACK;
        RAISE NOTICE 'Employee with ID % does not exist', p_employee_id;
        RETURN;
    END IF;

    -- Then check for appointments
    SELECT EXISTS (
        SELECT 1 FROM appointment a
        JOIN employee_service es ON a.employee_service_id = es.id
        WHERE es.employee_id = p_employee_id 
        AND a.status IN ('scheduled', 'in_progress')
    ) INTO v_has_appointments;

    IF v_has_appointments THEN
        ROLLBACK;
        RAISE NOTICE 'Employee % has pending appointments', p_employee_id;
        RETURN;
    END IF;

    -- If all checks pass, update status
    UPDATE employee 
    SET current_status = 'off_duty' 
    WHERE id = p_employee_id;

    COMMIT;
    RAISE NOTICE 'Employee % set to off-duty successfully', p_employee_id;
END;
$$;


ALTER PROCEDURE public.set_employee_off_duty(IN p_employee_id integer) OWNER TO postgres;

--
-- TOC entry 250 (class 1255 OID 90445)
-- Name: transfer_services(integer, integer, integer); Type: PROCEDURE; Schema: public; Owner: postgres
--

CREATE PROCEDURE public.transfer_services(IN p_from_employee_id integer, IN p_to_employee_id integer, IN p_service_id integer)
    LANGUAGE plpgsql
    AS $$
DECLARE
    v_old_employee_service_id INT;
    v_new_employee_service_id INT;
BEGIN
    -- Check if source employee exists and has the service
    SELECT id INTO v_old_employee_service_id
    FROM employee_service
    WHERE employee_id = p_from_employee_id
    AND service_id = p_service_id;

    IF NOT FOUND THEN
        RAISE NOTICE 'Source employee does not provide this service';
        RETURN;
    END IF;

    -- Check if target employee exists
    IF NOT EXISTS (SELECT 1 FROM employee WHERE id = p_to_employee_id) THEN
		ROLLBACK;
        RAISE NOTICE 'Target employee not found';
        RETURN;
    END IF;

    -- Assign service to target employee
    INSERT INTO employee_service (employee_id, service_id)
    VALUES (p_to_employee_id, p_service_id)
    RETURNING id INTO v_new_employee_service_id;

    -- Update appointments to reference the new employee_service_id
    UPDATE appointment
    SET employee_service_id = v_new_employee_service_id
    WHERE employee_service_id = v_old_employee_service_id;

    -- Remove service from source employee
    DELETE FROM employee_service 
    WHERE id = v_old_employee_service_id;

    COMMIT;
    RAISE NOTICE 'Service transferred successfully, and appointments updated';

END;
$$;


ALTER PROCEDURE public.transfer_services(IN p_from_employee_id integer, IN p_to_employee_id integer, IN p_service_id integer) OWNER TO postgres;

--
-- TOC entry 248 (class 1255 OID 90429)
-- Name: update_appointment_status(integer, public.appointment_status); Type: PROCEDURE; Schema: public; Owner: postgres
--

CREATE PROCEDURE public.update_appointment_status(IN p_appointment_id integer, IN p_new_status public.appointment_status)
    LANGUAGE plpgsql
    AS $$
DECLARE
    v_current_status appointment_status;
BEGIN
    -- Get current status
    SELECT status INTO v_current_status
    FROM appointment 
    WHERE id = p_appointment_id;

    -- Check if appointment exists
    IF NOT FOUND THEN
        RAISE EXCEPTION 'Appointment with ID % not found', p_appointment_id;
    END IF;

    -- Validate status transitions
    CASE v_current_status
        WHEN 'scheduled' THEN
            IF p_new_status NOT IN ('in_progress', 'cancelled') THEN
                RAISE EXCEPTION 'Scheduled appointments can only be changed to in_progress or cancelled';
            END IF;
        WHEN 'in_progress' THEN
            IF p_new_status != 'completed' THEN
                RAISE EXCEPTION 'In-progress appointments can only be completed';
            END IF;
        WHEN 'completed' THEN
            RAISE EXCEPTION 'Cannot change status of completed appointments';
        WHEN 'cancelled' THEN
            RAISE EXCEPTION 'Cannot change status of cancelled appointments';
    END CASE;

    -- Update appointment status
    UPDATE appointment 
    SET status = p_new_status
    WHERE id = p_appointment_id;

    RAISE NOTICE 'Appointment status updated to %', p_new_status;

EXCEPTION
    WHEN OTHERS THEN
        RAISE EXCEPTION 'Status update failed: %', SQLERRM;
END;
$$;


ALTER PROCEDURE public.update_appointment_status(IN p_appointment_id integer, IN p_new_status public.appointment_status) OWNER TO postgres;

--
-- TOC entry 244 (class 1255 OID 90426)
-- Name: update_employee_status(); Type: FUNCTION; Schema: public; Owner: postgres
--

CREATE FUNCTION public.update_employee_status() RETURNS trigger
    LANGUAGE plpgsql
    AS $$
BEGIN
    -- When appointment status changes to 'in_progress'
    IF NEW.status = 'in_progress' THEN
        UPDATE employee 
        SET current_status = 'busy'
        FROM employee_service es
        WHERE employee.id = es.employee_id 
        AND es.id = NEW.employee_service_id;
    -- When appointment status changes to 'completed'
    ELSIF NEW.status = 'completed' THEN
        UPDATE employee 
        SET current_status = 'available'
        FROM employee_service es
        WHERE employee.id = es.employee_id 
        AND es.id = NEW.employee_service_id;
    END IF;
    RETURN NEW;
END;
$$;


ALTER FUNCTION public.update_employee_status() OWNER TO postgres;

--
-- TOC entry 245 (class 1255 OID 41330)
-- Name: update_payment_on_appointment_status(); Type: FUNCTION; Schema: public; Owner: postgres
--

CREATE FUNCTION public.update_payment_on_appointment_status() RETURNS trigger
    LANGUAGE plpgsql
    AS $$
BEGIN
    -- Update payment status and copy appointment's end_time
    UPDATE payment
    SET 
        status = CASE 
            WHEN NEW.status = 'completed' THEN 'COMPLETED'::payment_status
            WHEN NEW.status = 'cancelled' THEN 'CANCELLED'::payment_status
            ELSE 'PENDING'::payment_status
        END,
        payment_time = CASE
            WHEN NEW.status = 'completed' THEN TO_CHAR(CURRENT_TIME::time, 'HH24:MI:SS')::time
            WHEN NEW.status = 'cancelled' THEN TO_CHAR(CURRENT_TIME::time, 'HH24:MI:SS')::time
            ELSE payment_time
        END
    WHERE appointment_id = NEW.id;
    
    RETURN NEW;
END;
$$;


ALTER FUNCTION public.update_payment_on_appointment_status() OWNER TO postgres;

SET default_tablespace = '';

SET default_table_access_method = heap;

--
-- TOC entry 230 (class 1259 OID 41261)
-- Name: appointment; Type: TABLE; Schema: public; Owner: postgres
--

CREATE TABLE public.appointment (
    id integer NOT NULL,
    customer_id integer NOT NULL,
    employee_service_id integer NOT NULL,
    appointment_date date NOT NULL,
    appointment_time time without time zone NOT NULL,
    end_time time without time zone,
    status public.appointment_status DEFAULT 'scheduled'::public.appointment_status,
    CONSTRAINT appointment_appointment_time_check CHECK (((appointment_time >= '08:00:00'::time without time zone) AND (appointment_time <= '18:00:00'::time without time zone)))
);


ALTER TABLE public.appointment OWNER TO postgres;

--
-- TOC entry 229 (class 1259 OID 41260)
-- Name: appointment_id_seq; Type: SEQUENCE; Schema: public; Owner: postgres
--

CREATE SEQUENCE public.appointment_id_seq
    AS integer
    START WITH 1
    INCREMENT BY 1
    NO MINVALUE
    NO MAXVALUE
    CACHE 1;


ALTER SEQUENCE public.appointment_id_seq OWNER TO postgres;

--
-- TOC entry 4955 (class 0 OID 0)
-- Dependencies: 229
-- Name: appointment_id_seq; Type: SEQUENCE OWNED BY; Schema: public; Owner: postgres
--

ALTER SEQUENCE public.appointment_id_seq OWNED BY public.appointment.id;


--
-- TOC entry 220 (class 1259 OID 41112)
-- Name: customer; Type: TABLE; Schema: public; Owner: postgres
--

CREATE TABLE public.customer (
    id integer NOT NULL,
    first_name character varying(50) NOT NULL,
    last_name character varying(50) NOT NULL,
    gender public.gender_type NOT NULL,
    phone_number character varying(15) NOT NULL,
    email character varying(100)
);


ALTER TABLE public.customer OWNER TO postgres;

--
-- TOC entry 219 (class 1259 OID 41111)
-- Name: customer_id_seq; Type: SEQUENCE; Schema: public; Owner: postgres
--

CREATE SEQUENCE public.customer_id_seq
    AS integer
    START WITH 1
    INCREMENT BY 1
    NO MINVALUE
    NO MAXVALUE
    CACHE 1;


ALTER SEQUENCE public.customer_id_seq OWNER TO postgres;

--
-- TOC entry 4956 (class 0 OID 0)
-- Dependencies: 219
-- Name: customer_id_seq; Type: SEQUENCE OWNED BY; Schema: public; Owner: postgres
--

ALTER SEQUENCE public.customer_id_seq OWNED BY public.customer.id;


--
-- TOC entry 222 (class 1259 OID 41122)
-- Name: employee; Type: TABLE; Schema: public; Owner: postgres
--

CREATE TABLE public.employee (
    id integer NOT NULL,
    first_name character varying(50) NOT NULL,
    last_name character varying(50) NOT NULL,
    gender public.gender_type NOT NULL,
    phone_number character varying(15) NOT NULL,
    email character varying(100),
    role character varying(50) NOT NULL,
    current_status public.employee_status DEFAULT 'available'::public.employee_status,
    hire_date date NOT NULL
);


ALTER TABLE public.employee OWNER TO postgres;

--
-- TOC entry 221 (class 1259 OID 41121)
-- Name: employee_id_seq; Type: SEQUENCE; Schema: public; Owner: postgres
--

CREATE SEQUENCE public.employee_id_seq
    AS integer
    START WITH 1
    INCREMENT BY 1
    NO MINVALUE
    NO MAXVALUE
    CACHE 1;


ALTER SEQUENCE public.employee_id_seq OWNER TO postgres;

--
-- TOC entry 4957 (class 0 OID 0)
-- Dependencies: 221
-- Name: employee_id_seq; Type: SEQUENCE OWNED BY; Schema: public; Owner: postgres
--

ALTER SEQUENCE public.employee_id_seq OWNED BY public.employee.id;


--
-- TOC entry 226 (class 1259 OID 41151)
-- Name: employee_service; Type: TABLE; Schema: public; Owner: postgres
--

CREATE TABLE public.employee_service (
    id integer NOT NULL,
    employee_id integer NOT NULL,
    service_id integer NOT NULL
);


ALTER TABLE public.employee_service OWNER TO postgres;

--
-- TOC entry 225 (class 1259 OID 41150)
-- Name: employee_service_id_seq; Type: SEQUENCE; Schema: public; Owner: postgres
--

CREATE SEQUENCE public.employee_service_id_seq
    AS integer
    START WITH 1
    INCREMENT BY 1
    NO MINVALUE
    NO MAXVALUE
    CACHE 1;


ALTER SEQUENCE public.employee_service_id_seq OWNER TO postgres;

--
-- TOC entry 4958 (class 0 OID 0)
-- Dependencies: 225
-- Name: employee_service_id_seq; Type: SEQUENCE OWNED BY; Schema: public; Owner: postgres
--

ALTER SEQUENCE public.employee_service_id_seq OWNED BY public.employee_service.id;


--
-- TOC entry 228 (class 1259 OID 41252)
-- Name: payment; Type: TABLE; Schema: public; Owner: postgres
--

CREATE TABLE public.payment (
    id integer NOT NULL,
    appointment_id integer NOT NULL,
    amount numeric(10,2) NOT NULL,
    payment_date date NOT NULL,
    payment_time time without time zone NOT NULL,
    status public.payment_status DEFAULT 'PENDING'::public.payment_status
);


ALTER TABLE public.payment OWNER TO postgres;

--
-- TOC entry 227 (class 1259 OID 41251)
-- Name: payment_id_seq; Type: SEQUENCE; Schema: public; Owner: postgres
--

CREATE SEQUENCE public.payment_id_seq
    AS integer
    START WITH 1
    INCREMENT BY 1
    NO MINVALUE
    NO MAXVALUE
    CACHE 1;


ALTER SEQUENCE public.payment_id_seq OWNER TO postgres;

--
-- TOC entry 4959 (class 0 OID 0)
-- Dependencies: 227
-- Name: payment_id_seq; Type: SEQUENCE OWNED BY; Schema: public; Owner: postgres
--

ALTER SEQUENCE public.payment_id_seq OWNED BY public.payment.id;


--
-- TOC entry 224 (class 1259 OID 41139)
-- Name: service; Type: TABLE; Schema: public; Owner: postgres
--

CREATE TABLE public.service (
    id integer NOT NULL,
    service_name character varying(100) NOT NULL,
    description text,
    duration_min integer NOT NULL,
    price numeric(10,2) NOT NULL,
    CONSTRAINT positive_duration CHECK ((duration_min > 0)),
    CONSTRAINT positive_price CHECK ((price > (0)::numeric))
);


ALTER TABLE public.service OWNER TO postgres;

--
-- TOC entry 223 (class 1259 OID 41138)
-- Name: service_id_seq; Type: SEQUENCE; Schema: public; Owner: postgres
--

CREATE SEQUENCE public.service_id_seq
    AS integer
    START WITH 1
    INCREMENT BY 1
    NO MINVALUE
    NO MAXVALUE
    CACHE 1;


ALTER SEQUENCE public.service_id_seq OWNER TO postgres;

--
-- TOC entry 4960 (class 0 OID 0)
-- Dependencies: 223
-- Name: service_id_seq; Type: SEQUENCE OWNED BY; Schema: public; Owner: postgres
--

ALTER SEQUENCE public.service_id_seq OWNED BY public.service.id;


--
-- TOC entry 4753 (class 2604 OID 41264)
-- Name: appointment id; Type: DEFAULT; Schema: public; Owner: postgres
--

ALTER TABLE ONLY public.appointment ALTER COLUMN id SET DEFAULT nextval('public.appointment_id_seq'::regclass);


--
-- TOC entry 4746 (class 2604 OID 41115)
-- Name: customer id; Type: DEFAULT; Schema: public; Owner: postgres
--

ALTER TABLE ONLY public.customer ALTER COLUMN id SET DEFAULT nextval('public.customer_id_seq'::regclass);


--
-- TOC entry 4747 (class 2604 OID 41125)
-- Name: employee id; Type: DEFAULT; Schema: public; Owner: postgres
--

ALTER TABLE ONLY public.employee ALTER COLUMN id SET DEFAULT nextval('public.employee_id_seq'::regclass);


--
-- TOC entry 4750 (class 2604 OID 41154)
-- Name: employee_service id; Type: DEFAULT; Schema: public; Owner: postgres
--

ALTER TABLE ONLY public.employee_service ALTER COLUMN id SET DEFAULT nextval('public.employee_service_id_seq'::regclass);


--
-- TOC entry 4751 (class 2604 OID 41255)
-- Name: payment id; Type: DEFAULT; Schema: public; Owner: postgres
--

ALTER TABLE ONLY public.payment ALTER COLUMN id SET DEFAULT nextval('public.payment_id_seq'::regclass);


--
-- TOC entry 4749 (class 2604 OID 41142)
-- Name: service id; Type: DEFAULT; Schema: public; Owner: postgres
--

ALTER TABLE ONLY public.service ALTER COLUMN id SET DEFAULT nextval('public.service_id_seq'::regclass);


--
-- TOC entry 4949 (class 0 OID 41261)
-- Dependencies: 230
-- Data for Name: appointment; Type: TABLE DATA; Schema: public; Owner: postgres
--

COPY public.appointment (id, customer_id, employee_service_id, appointment_date, appointment_time, end_time, status) FROM stdin;
1	1	1	2024-09-01	10:00:00	10:30:00	completed
2	2	17	2024-09-01	10:00:00	11:30:00	completed
3	3	7	2024-09-01	10:30:00	10:45:00	completed
4	4	4	2024-09-01	11:00:00	11:30:00	completed
5	5	12	2024-09-01	11:00:00	11:40:00	completed
6	6	6	2024-09-01	11:30:00	12:30:00	completed
7	7	1	2024-09-01	12:00:00	12:30:00	completed
8	8	18	2024-09-01	12:00:00	12:30:00	cancelled
9	9	4	2024-09-01	12:30:00	13:00:00	completed
10	10	7	2024-09-01	13:00:00	13:15:00	completed
11	11	16	2024-09-01	13:30:00	13:50:00	completed
12	12	19	2024-09-01	14:00:00	14:20:00	completed
13	13	6	2024-09-01	14:00:00	15:00:00	completed
14	14	3	2024-09-01	14:30:00	15:15:00	completed
15	15	5	2024-09-01	15:00:00	15:45:00	completed
16	16	1	2024-09-01	15:30:00	16:00:00	cancelled
17	17	10	2024-09-01	15:30:00	16:00:00	completed
18	18	8	2024-09-01	16:00:00	17:30:00	completed
19	19	1	2024-09-02	09:00:00	09:30:00	completed
20	20	7	2024-09-02	09:00:00	09:15:00	completed
21	21	4	2024-09-02	09:00:00	09:30:00	completed
22	22	6	2024-09-02	09:00:00	10:00:00	completed
23	23	2	2024-09-02	09:30:00	10:00:00	completed
24	24	17	2024-09-02	09:45:00	11:15:00	completed
25	25	13	2024-09-02	10:00:00	10:45:00	completed
26	26	5	2024-09-02	10:00:00	10:45:00	completed
27	27	8	2024-09-02	10:30:00	12:00:00	completed
28	28	3	2024-09-02	10:30:00	11:15:00	completed
29	29	16	2024-09-02	11:00:00	11:20:00	completed
30	30	19	2024-09-02	11:00:00	11:20:00	completed
31	31	10	2024-09-02	11:30:00	12:00:00	completed
32	32	1	2024-09-02	12:00:00	12:30:00	completed
33	33	4	2024-09-02	12:30:00	13:00:00	completed
34	34	7	2024-09-02	13:30:00	13:45:00	completed
35	35	12	2024-09-02	13:30:00	14:10:00	completed
36	36	6	2024-09-02	13:30:00	14:30:00	completed
37	37	2	2024-09-02	14:00:00	14:30:00	completed
38	38	18	2024-09-02	14:00:00	14:30:00	completed
39	39	5	2024-09-02	14:15:00	15:00:00	completed
40	40	9	2024-09-02	14:30:00	15:15:00	completed
41	41	1	2024-09-02	15:00:00	15:30:00	completed
42	42	11	2024-09-02	15:00:00	15:45:00	completed
43	43	15	2024-09-02	15:15:00	16:15:00	completed
44	44	3	2024-09-02	15:30:00	16:15:00	completed
45	45	20	2024-09-02	15:45:00	16:15:00	completed
46	46	4	2024-09-02	16:00:00	16:30:00	completed
47	47	1	2024-09-03	09:00:00	09:30:00	completed
48	48	7	2024-09-03	09:00:00	09:15:00	completed
49	49	4	2024-09-03	09:00:00	09:30:00	completed
50	50	6	2024-09-03	09:00:00	10:00:00	completed
51	51	16	2024-09-03	09:30:00	09:50:00	completed
52	52	13	2024-09-03	09:45:00	10:30:00	completed
53	53	5	2024-09-03	10:00:00	10:45:00	completed
54	54	2	2024-09-03	10:15:00	10:45:00	completed
55	55	8	2024-09-03	10:30:00	12:00:00	completed
56	56	3	2024-09-03	10:45:00	11:30:00	completed
57	57	17	2024-09-03	11:00:00	12:30:00	completed
58	58	1	2024-09-03	11:15:00	11:45:00	cancelled
59	59	10	2024-09-03	11:30:00	12:00:00	completed
60	60	19	2024-09-03	11:45:00	12:05:00	completed
61	61	4	2024-09-03	12:00:00	12:30:00	completed
62	62	1	2024-09-03	13:00:00	13:30:00	completed
63	63	7	2024-09-03	13:00:00	13:15:00	completed
64	64	6	2024-09-03	13:30:00	14:30:00	completed
65	65	15	2024-09-03	13:45:00	14:45:00	completed
66	66	18	2024-09-03	14:15:00	14:45:00	completed
67	67	5	2024-09-03	14:30:00	15:15:00	completed
68	68	12	2024-09-03	14:45:00	15:25:00	completed
69	69	9	2024-09-03	15:00:00	15:45:00	completed
70	70	1	2024-09-03	15:15:00	15:45:00	completed
71	71	11	2024-09-03	15:30:00	16:15:00	completed
72	72	20	2024-09-03	15:45:00	16:15:00	completed
73	73	4	2024-09-03	16:00:00	16:30:00	completed
74	74	1	2024-09-04	09:00:00	09:30:00	completed
75	75	7	2024-09-04	09:00:00	09:15:00	completed
76	76	4	2024-09-04	09:00:00	09:30:00	completed
77	77	6	2024-09-04	09:15:00	10:15:00	completed
78	78	2	2024-09-04	09:30:00	10:00:00	completed
79	79	13	2024-09-04	09:45:00	10:30:00	completed
80	80	5	2024-09-04	10:00:00	10:45:00	completed
81	81	16	2024-09-04	10:15:00	10:35:00	completed
82	82	8	2024-09-04	10:45:00	12:15:00	completed
83	83	3	2024-09-04	11:00:00	11:45:00	completed
84	84	17	2024-09-04	11:15:00	12:45:00	completed
85	85	10	2024-09-04	11:30:00	12:00:00	completed
86	86	1	2024-09-04	12:00:00	12:30:00	completed
87	87	4	2024-09-04	12:30:00	13:00:00	completed
88	88	19	2024-09-04	12:45:00	13:05:00	completed
89	89	7	2024-09-04	13:30:00	13:45:00	completed
90	90	12	2024-09-04	13:45:00	14:25:00	completed
91	91	6	2024-09-04	14:00:00	15:00:00	completed
92	92	15	2024-09-04	14:15:00	15:15:00	completed
93	93	18	2024-09-04	14:30:00	15:00:00	completed
94	94	5	2024-09-04	14:45:00	15:30:00	completed
95	95	9	2024-09-04	15:00:00	15:45:00	completed
96	96	1	2024-09-04	15:15:00	15:45:00	completed
97	97	11	2024-09-04	15:30:00	16:15:00	completed
98	98	20	2024-09-04	15:45:00	16:15:00	completed
99	99	4	2024-09-04	16:00:00	16:30:00	completed
100	100	3	2024-09-04	16:15:00	17:00:00	completed
101	101	1	2024-09-05	09:00:00	09:30:00	completed
102	102	7	2024-09-05	09:00:00	09:15:00	completed
103	103	4	2024-09-05	09:00:00	09:30:00	completed
104	104	6	2024-09-05	09:00:00	10:00:00	completed
105	105	2	2024-09-05	09:30:00	10:00:00	completed
106	106	13	2024-09-05	10:00:00	10:45:00	completed
107	107	5	2024-09-05	10:00:00	10:45:00	completed
108	108	16	2024-09-05	10:15:00	10:35:00	completed
109	109	8	2024-09-05	10:30:00	12:00:00	completed
110	110	3	2024-09-05	10:45:00	11:30:00	completed
111	111	17	2024-09-05	11:00:00	12:30:00	completed
112	112	10	2024-09-05	11:15:00	11:45:00	completed
113	113	19	2024-09-05	11:30:00	11:50:00	completed
114	114	4	2024-09-05	12:00:00	12:30:00	completed
115	115	1	2024-09-05	12:30:00	13:00:00	completed
116	116	7	2024-09-05	13:00:00	13:15:00	completed
117	117	12	2024-09-05	13:00:00	13:40:00	completed
118	118	6	2024-09-05	13:30:00	14:30:00	completed
119	119	15	2024-09-05	13:45:00	14:45:00	completed
120	120	18	2024-09-05	14:00:00	14:30:00	completed
121	121	5	2024-09-05	14:15:00	15:00:00	completed
122	122	9	2024-09-05	14:30:00	15:15:00	completed
123	123	1	2024-09-05	14:45:00	15:15:00	completed
124	124	11	2024-09-05	15:15:00	16:00:00	completed
125	125	20	2024-09-05	15:30:00	16:00:00	completed
126	126	4	2024-09-05	15:45:00	16:15:00	completed
127	127	3	2024-09-05	16:00:00	16:45:00	completed
128	128	2	2024-09-05	16:30:00	17:00:00	completed
129	129	1	2024-09-06	09:00:00	09:30:00	completed
130	130	7	2024-09-06	09:00:00	09:15:00	completed
131	131	4	2024-09-06	09:00:00	09:30:00	completed
132	132	6	2024-09-06	09:00:00	10:00:00	completed
133	133	2	2024-09-06	09:15:00	09:45:00	completed
134	134	16	2024-09-06	09:30:00	09:50:00	completed
135	135	13	2024-09-06	10:00:00	10:45:00	completed
136	136	5	2024-09-06	10:00:00	10:45:00	completed
137	137	8	2024-09-06	10:15:00	11:45:00	completed
138	138	3	2024-09-06	10:30:00	11:15:00	completed
139	139	17	2024-09-06	10:45:00	12:15:00	completed
140	140	10	2024-09-06	11:00:00	11:30:00	completed
141	141	19	2024-09-06	11:15:00	11:35:00	completed
142	142	4	2024-09-06	11:30:00	12:00:00	completed
143	143	1	2024-09-06	11:45:00	12:15:00	completed
144	144	7	2024-09-06	12:00:00	12:15:00	completed
145	145	15	2024-09-06	12:30:00	13:30:00	completed
146	146	12	2024-09-06	13:00:00	13:40:00	completed
147	147	6	2024-09-06	13:00:00	14:00:00	completed
148	148	18	2024-09-06	13:30:00	14:00:00	completed
149	149	5	2024-09-06	13:45:00	14:30:00	completed
150	150	9	2024-09-06	14:00:00	14:45:00	completed
151	151	1	2024-09-06	14:15:00	14:45:00	completed
152	152	11	2024-09-06	14:30:00	15:15:00	completed
153	153	20	2024-09-06	14:45:00	15:15:00	completed
154	154	4	2024-09-06	15:00:00	15:30:00	completed
155	155	3	2024-09-06	15:15:00	16:00:00	completed
156	156	2	2024-09-06	15:30:00	16:00:00	completed
157	157	1	2024-09-06	15:45:00	16:15:00	completed
158	158	10	2024-09-06	16:00:00	16:30:00	completed
159	159	4	2024-09-06	16:15:00	16:45:00	completed
160	160	8	2024-09-06	16:30:00	18:00:00	completed
161	161	1	2024-09-07	09:00:00	09:30:00	completed
162	162	7	2024-09-07	09:00:00	09:15:00	completed
163	163	4	2024-09-07	09:00:00	09:30:00	completed
164	164	6	2024-09-07	09:00:00	10:00:00	completed
165	165	2	2024-09-07	09:15:00	09:45:00	completed
166	166	16	2024-09-07	09:30:00	09:50:00	completed
167	167	10	2024-09-07	09:45:00	10:15:00	completed
168	168	13	2024-09-07	10:00:00	10:45:00	completed
169	169	5	2024-09-07	10:00:00	10:45:00	completed
170	170	8	2024-09-07	10:15:00	11:45:00	completed
171	171	3	2024-09-07	10:30:00	11:15:00	completed
172	172	17	2024-09-07	10:45:00	12:15:00	completed
173	173	1	2024-09-07	11:00:00	11:30:00	completed
174	174	19	2024-09-07	11:15:00	11:35:00	completed
175	175	4	2024-09-07	11:30:00	12:00:00	completed
176	176	7	2024-09-07	11:45:00	12:00:00	completed
177	177	12	2024-09-07	12:00:00	12:40:00	completed
178	178	6	2024-09-07	12:15:00	13:15:00	completed
179	179	15	2024-09-07	12:30:00	13:30:00	completed
180	180	18	2024-09-07	13:00:00	13:30:00	completed
181	181	5	2024-09-07	13:15:00	14:00:00	completed
182	182	9	2024-09-07	13:30:00	14:15:00	completed
183	183	1	2024-09-07	13:45:00	14:15:00	completed
184	184	11	2024-09-07	14:00:00	14:45:00	completed
185	185	20	2024-09-07	14:15:00	14:45:00	completed
186	186	4	2024-09-07	14:30:00	15:00:00	completed
187	187	3	2024-09-07	14:45:00	15:30:00	completed
188	188	2	2024-09-07	15:00:00	15:30:00	completed
189	189	1	2024-09-07	15:15:00	15:45:00	completed
190	190	10	2024-09-07	15:30:00	16:00:00	completed
191	191	7	2024-09-07	15:45:00	16:00:00	completed
192	192	4	2024-09-07	16:00:00	16:30:00	completed
193	193	8	2024-09-07	16:00:00	17:30:00	completed
194	194	16	2024-09-07	16:15:00	16:35:00	completed
195	195	17	2024-09-07	16:15:00	17:45:00	completed
196	196	5	2024-09-07	16:30:00	17:15:00	completed
197	197	1	2024-09-07	16:30:00	17:00:00	completed
198	198	10	2024-09-07	16:45:00	17:15:00	completed
199	199	1	2024-09-08	10:00:00	10:30:00	completed
200	200	7	2024-09-08	10:00:00	10:15:00	completed
201	201	4	2024-09-08	10:30:00	11:00:00	completed
202	202	6	2024-09-08	10:30:00	11:30:00	completed
203	203	13	2024-09-08	11:00:00	11:45:00	completed
204	204	5	2024-09-08	11:30:00	12:15:00	completed
205	205	16	2024-09-08	11:45:00	12:05:00	completed
206	206	8	2024-09-08	12:00:00	13:30:00	completed
207	207	3	2024-09-08	12:30:00	13:15:00	completed
208	208	17	2024-09-08	13:00:00	14:30:00	completed
209	209	10	2024-09-08	13:15:00	13:45:00	completed
210	210	19	2024-09-08	13:30:00	13:50:00	completed
211	211	4	2024-09-08	14:00:00	14:30:00	completed
212	212	1	2024-09-08	14:30:00	15:00:00	completed
213	213	7	2024-09-08	14:45:00	15:00:00	completed
214	214	6	2024-09-08	15:00:00	16:00:00	completed
215	215	15	2024-09-08	15:30:00	16:30:00	completed
216	216	5	2024-09-08	16:00:00	16:45:00	completed
217	217	1	2024-09-09	09:00:00	09:30:00	completed
218	218	7	2024-09-09	09:00:00	09:15:00	completed
219	219	4	2024-09-09	09:00:00	09:30:00	completed
220	220	6	2024-09-09	09:00:00	10:00:00	completed
221	221	2	2024-09-09	09:30:00	10:00:00	completed
222	222	16	2024-09-09	09:45:00	10:05:00	completed
223	223	13	2024-09-09	10:00:00	10:45:00	completed
224	224	5	2024-09-09	10:00:00	10:45:00	completed
225	225	8	2024-09-09	10:30:00	12:00:00	completed
226	226	3	2024-09-09	10:45:00	11:30:00	completed
227	227	17	2024-09-09	11:00:00	12:30:00	completed
228	228	10	2024-09-09	11:15:00	11:45:00	completed
229	229	19	2024-09-09	11:30:00	11:50:00	completed
230	230	4	2024-09-09	12:00:00	12:30:00	completed
231	231	1	2024-09-09	12:30:00	13:00:00	completed
232	232	7	2024-09-09	13:00:00	13:15:00	completed
233	233	12	2024-09-09	13:00:00	13:40:00	completed
234	234	6	2024-09-09	13:30:00	14:30:00	completed
235	235	15	2024-09-09	13:45:00	14:45:00	completed
236	236	18	2024-09-09	14:00:00	14:30:00	completed
237	237	5	2024-09-09	14:15:00	15:00:00	completed
238	238	9	2024-09-09	14:30:00	15:15:00	completed
239	239	1	2024-09-09	14:45:00	15:15:00	completed
240	240	11	2024-09-09	15:15:00	16:00:00	completed
241	241	20	2024-09-09	15:30:00	16:00:00	completed
242	242	4	2024-09-09	15:45:00	16:15:00	completed
243	243	3	2024-09-09	16:00:00	16:45:00	completed
244	244	2	2024-09-09	16:30:00	17:00:00	completed
245	245	1	2024-09-10	09:00:00	09:30:00	completed
246	246	7	2024-09-10	09:00:00	09:15:00	completed
247	247	4	2024-09-10	09:00:00	09:30:00	completed
248	248	6	2024-09-10	09:00:00	10:00:00	completed
249	249	2	2024-09-10	09:30:00	10:00:00	completed
250	250	13	2024-09-10	10:00:00	10:45:00	completed
251	251	5	2024-09-10	10:00:00	10:45:00	completed
252	252	16	2024-09-10	10:15:00	10:35:00	completed
253	253	8	2024-09-10	10:45:00	12:15:00	completed
254	254	3	2024-09-10	11:00:00	11:45:00	completed
255	255	17	2024-09-10	11:15:00	12:45:00	completed
256	256	10	2024-09-10	11:30:00	12:00:00	completed
257	257	19	2024-09-10	12:00:00	12:20:00	completed
258	258	4	2024-09-10	12:15:00	12:45:00	completed
259	259	1	2024-09-10	12:30:00	13:00:00	completed
260	260	7	2024-09-10	13:00:00	13:15:00	completed
261	261	12	2024-09-10	13:00:00	13:40:00	completed
262	262	6	2024-09-10	13:30:00	14:30:00	completed
263	263	15	2024-09-10	13:45:00	14:45:00	completed
264	264	18	2024-09-10	14:15:00	14:45:00	completed
265	265	5	2024-09-10	14:30:00	15:15:00	completed
266	266	9	2024-09-10	14:45:00	15:30:00	completed
267	267	1	2024-09-10	15:00:00	15:30:00	completed
268	268	11	2024-09-10	15:30:00	16:15:00	completed
269	269	20	2024-09-10	15:45:00	16:15:00	completed
270	270	4	2024-09-10	16:15:00	16:45:00	completed
271	271	3	2024-09-10	16:30:00	17:15:00	completed
272	272	1	2024-09-11	09:00:00	09:30:00	completed
273	273	7	2024-09-11	09:00:00	09:15:00	completed
274	274	4	2024-09-11	09:00:00	09:30:00	completed
275	275	6	2024-09-11	09:00:00	10:00:00	completed
276	276	2	2024-09-11	09:30:00	10:00:00	completed
277	277	13	2024-09-11	10:00:00	10:45:00	completed
278	278	5	2024-09-11	10:00:00	10:45:00	completed
279	279	16	2024-09-11	10:15:00	10:35:00	completed
280	280	8	2024-09-11	10:30:00	12:00:00	completed
281	281	3	2024-09-11	11:00:00	11:45:00	completed
282	282	17	2024-09-11	11:15:00	12:45:00	completed
283	283	10	2024-09-11	11:30:00	12:00:00	completed
284	284	19	2024-09-11	12:00:00	12:20:00	completed
285	285	4	2024-09-11	12:15:00	12:45:00	completed
286	286	1	2024-09-11	12:30:00	13:00:00	completed
287	287	7	2024-09-11	13:00:00	13:15:00	completed
288	288	12	2024-09-11	13:00:00	13:40:00	completed
289	289	6	2024-09-11	13:30:00	14:30:00	completed
290	290	15	2024-09-11	13:45:00	14:45:00	completed
291	291	18	2024-09-11	14:15:00	14:45:00	completed
292	292	5	2024-09-11	14:30:00	15:15:00	completed
293	293	9	2024-09-11	14:45:00	15:30:00	completed
294	294	1	2024-09-11	15:00:00	15:30:00	completed
295	295	11	2024-09-11	15:30:00	16:15:00	completed
296	296	20	2024-09-11	15:45:00	16:15:00	completed
297	297	4	2024-09-11	16:15:00	16:45:00	completed
298	298	3	2024-09-11	16:30:00	17:15:00	completed
299	299	1	2024-09-12	09:00:00	09:30:00	completed
300	300	7	2024-09-12	09:00:00	09:15:00	completed
301	301	4	2024-09-12	09:00:00	09:30:00	completed
302	302	6	2024-09-12	09:00:00	10:00:00	completed
303	303	2	2024-09-12	09:30:00	10:00:00	completed
304	304	13	2024-09-12	10:00:00	10:45:00	completed
305	305	5	2024-09-12	10:00:00	10:45:00	completed
306	306	16	2024-09-12	10:15:00	10:35:00	completed
307	307	8	2024-09-12	10:45:00	12:15:00	completed
308	308	17	2024-09-12	11:15:00	12:45:00	completed
309	309	10	2024-09-12	11:30:00	12:00:00	completed
310	310	19	2024-09-12	12:00:00	12:20:00	completed
311	311	4	2024-09-12	12:15:00	12:45:00	completed
312	312	7	2024-09-12	13:00:00	13:15:00	completed
313	313	12	2024-09-12	13:00:00	13:40:00	completed
314	314	6	2024-09-12	13:30:00	14:30:00	completed
315	315	15	2024-09-12	13:45:00	14:45:00	completed
316	316	18	2024-09-12	14:15:00	14:45:00	completed
317	317	5	2024-09-12	14:30:00	15:15:00	completed
318	318	9	2024-09-12	14:45:00	15:30:00	completed
319	319	1	2024-09-12	15:00:00	15:30:00	completed
320	320	11	2024-09-12	15:30:00	16:15:00	completed
321	321	20	2024-09-12	15:45:00	16:15:00	completed
322	322	4	2024-09-12	16:15:00	16:45:00	completed
323	323	3	2024-09-12	16:30:00	17:15:00	completed
324	324	1	2024-09-13	09:00:00	09:30:00	completed
325	325	17	2024-09-13	09:00:00	10:30:00	completed
326	326	4	2024-09-13	09:00:00	09:30:00	completed
327	327	6	2024-09-13	09:00:00	10:00:00	completed
328	328	16	2024-09-13	09:30:00	09:50:00	completed
329	329	7	2024-09-13	09:45:00	10:00:00	completed
330	330	13	2024-09-13	10:00:00	10:45:00	completed
331	331	5	2024-09-13	10:00:00	10:45:00	completed
332	332	12	2024-09-13	10:15:00	10:55:00	completed
333	333	8	2024-09-13	10:30:00	12:00:00	completed
334	334	3	2024-09-13	10:45:00	11:30:00	completed
335	335	1	2024-09-13	11:00:00	11:30:00	completed
336	336	19	2024-09-13	11:15:00	11:35:00	completed
337	337	4	2024-09-13	11:30:00	12:00:00	completed
338	338	20	2024-09-13	11:45:00	12:15:00	completed
339	339	7	2024-09-13	12:00:00	12:15:00	completed
340	340	15	2024-09-13	12:30:00	13:30:00	completed
341	341	1	2024-09-13	13:00:00	13:30:00	completed
342	342	6	2024-09-13	13:00:00	14:00:00	completed
343	343	18	2024-09-13	13:30:00	14:00:00	completed
344	344	5	2024-09-13	13:45:00	14:30:00	completed
345	345	9	2024-09-13	14:00:00	14:45:00	completed
346	346	1	2024-09-13	14:15:00	14:45:00	completed
347	347	11	2024-09-13	14:30:00	15:15:00	completed
348	348	16	2024-09-13	14:45:00	15:05:00	completed
349	349	4	2024-09-13	15:00:00	15:30:00	completed
350	350	3	2024-09-13	15:15:00	16:00:00	completed
351	351	2	2024-09-13	15:30:00	16:00:00	completed
352	352	1	2024-09-13	15:45:00	16:15:00	completed
353	353	10	2024-09-13	16:00:00	16:30:00	completed
354	354	4	2024-09-13	16:15:00	16:45:00	completed
355	355	8	2024-09-13	16:30:00	18:00:00	completed
356	356	1	2024-09-14	09:00:00	09:30:00	completed
357	357	7	2024-09-14	09:00:00	09:15:00	completed
358	358	4	2024-09-14	09:00:00	09:30:00	completed
359	359	6	2024-09-14	09:00:00	10:00:00	completed
360	360	2	2024-09-14	09:15:00	09:45:00	completed
361	361	16	2024-09-14	09:30:00	09:50:00	completed
362	362	10	2024-09-14	09:45:00	10:15:00	completed
363	363	13	2024-09-14	10:00:00	10:45:00	completed
364	364	5	2024-09-14	10:00:00	10:45:00	completed
365	365	8	2024-09-14	10:15:00	11:45:00	completed
366	366	12	2024-09-14	10:30:00	11:10:00	completed
367	367	17	2024-09-14	10:45:00	12:15:00	completed
368	368	1	2024-09-14	11:00:00	11:30:00	completed
369	369	4	2024-09-14	11:15:00	11:45:00	completed
370	370	7	2024-09-14	11:30:00	11:45:00	completed
371	371	19	2024-09-14	11:45:00	12:05:00	completed
372	372	6	2024-09-14	12:00:00	13:00:00	completed
373	373	15	2024-09-14	12:30:00	13:30:00	completed
374	374	18	2024-09-14	13:00:00	13:30:00	completed
375	375	5	2024-09-14	13:15:00	14:00:00	completed
376	376	9	2024-09-14	13:30:00	14:15:00	completed
377	377	1	2024-09-14	13:45:00	14:15:00	completed
378	378	11	2024-09-14	14:00:00	14:45:00	completed
379	379	20	2024-09-14	14:15:00	14:45:00	completed
380	380	4	2024-09-14	14:30:00	15:00:00	completed
381	381	3	2024-09-14	14:45:00	15:30:00	completed
382	382	2	2024-09-14	15:00:00	15:30:00	completed
383	383	1	2024-09-14	15:15:00	15:45:00	completed
384	384	10	2024-09-14	15:30:00	16:00:00	completed
385	385	7	2024-09-14	15:45:00	16:00:00	completed
386	386	4	2024-09-14	16:00:00	16:30:00	completed
387	387	8	2024-09-14	16:00:00	17:30:00	completed
388	388	16	2024-09-14	16:15:00	16:35:00	completed
389	389	17	2024-09-14	16:15:00	17:45:00	completed
390	390	5	2024-09-14	16:30:00	17:15:00	completed
391	391	1	2024-09-14	16:30:00	17:00:00	completed
392	392	10	2024-09-14	16:45:00	17:15:00	completed
393	25	1	2024-09-15	10:00:00	10:30:00	completed
394	12	7	2024-09-15	10:00:00	10:15:00	completed
395	45	4	2024-09-15	10:30:00	11:00:00	completed
396	33	6	2024-09-15	10:30:00	11:30:00	completed
397	18	13	2024-09-15	11:00:00	11:45:00	completed
398	52	5	2024-09-15	11:30:00	12:15:00	completed
399	67	16	2024-09-15	11:45:00	12:05:00	completed
400	89	8	2024-09-15	12:00:00	13:30:00	completed
401	15	3	2024-09-15	12:30:00	13:15:00	completed
402	73	17	2024-09-15	13:00:00	14:30:00	completed
403	92	10	2024-09-15	13:15:00	13:45:00	completed
404	28	19	2024-09-15	13:30:00	13:50:00	completed
405	41	4	2024-09-15	14:00:00	14:30:00	completed
406	55	1	2024-09-15	14:30:00	15:00:00	completed
407	83	7	2024-09-15	14:45:00	15:00:00	completed
408	19	6	2024-09-15	15:00:00	16:00:00	completed
409	65	15	2024-09-15	15:30:00	16:30:00	completed
410	37	5	2024-09-15	16:00:00	16:45:00	completed
411	8	1	2024-09-16	09:00:00	09:30:00	completed
412	95	7	2024-09-16	09:00:00	09:15:00	completed
413	42	4	2024-09-16	09:00:00	09:30:00	completed
414	63	6	2024-09-16	09:00:00	10:00:00	completed
415	31	2	2024-09-16	09:30:00	10:00:00	completed
416	14	13	2024-09-16	10:00:00	10:45:00	completed
417	77	5	2024-09-16	10:00:00	10:45:00	completed
418	23	12	2024-09-16	10:15:00	10:55:00	completed
419	44	8	2024-09-16	10:45:00	12:15:00	completed
420	88	3	2024-09-16	11:00:00	11:45:00	completed
421	56	17	2024-09-16	11:15:00	12:45:00	completed
422	91	10	2024-09-16	11:30:00	12:00:00	completed
423	27	19	2024-09-16	12:00:00	12:20:00	completed
424	75	4	2024-09-16	12:15:00	12:45:00	completed
425	16	7	2024-09-16	13:00:00	13:15:00	completed
426	48	12	2024-09-16	13:00:00	13:40:00	completed
427	82	6	2024-09-16	13:30:00	14:30:00	completed
428	29	15	2024-09-16	13:45:00	14:45:00	completed
429	64	18	2024-09-16	14:15:00	14:45:00	completed
430	93	5	2024-09-16	14:30:00	15:15:00	completed
431	38	9	2024-09-16	14:45:00	15:30:00	completed
432	71	1	2024-09-16	15:00:00	15:30:00	completed
433	84	11	2024-09-16	15:30:00	16:15:00	completed
434	22	20	2024-09-16	15:45:00	16:15:00	completed
435	59	4	2024-09-16	16:15:00	16:45:00	completed
436	96	3	2024-09-16	16:30:00	17:15:00	completed
437	45	1	2024-09-19	09:00:00	09:30:00	completed
438	23	7	2024-09-19	09:00:00	09:15:00	completed
439	67	4	2024-09-19	09:00:00	09:30:00	completed
440	89	6	2024-09-19	09:00:00	10:00:00	completed
441	34	2	2024-09-19	09:30:00	10:00:00	completed
442	56	13	2024-09-19	10:00:00	10:45:00	completed
443	78	5	2024-09-19	10:00:00	10:45:00	completed
444	92	16	2024-09-19	10:15:00	10:35:00	completed
445	15	8	2024-09-19	10:45:00	12:15:00	completed
446	85	3	2024-09-19	11:00:00	11:45:00	completed
447	37	17	2024-09-19	11:15:00	12:45:00	completed
448	82	10	2024-09-19	11:30:00	12:00:00	completed
449	44	4	2024-09-19	12:00:00	12:30:00	completed
450	96	1	2024-09-19	12:15:00	12:45:00	completed
451	28	7	2024-09-19	13:00:00	13:15:00	completed
452	55	12	2024-09-19	13:00:00	13:40:00	completed
453	73	6	2024-09-19	13:30:00	14:30:00	completed
454	91	15	2024-09-19	13:45:00	14:45:00	completed
455	25	18	2024-09-19	14:15:00	14:45:00	completed
456	62	5	2024-09-19	14:30:00	15:15:00	completed
457	88	9	2024-09-19	14:45:00	15:30:00	completed
458	42	1	2024-09-19	15:00:00	15:30:00	completed
459	77	11	2024-09-19	15:30:00	16:15:00	completed
460	31	20	2024-09-19	15:45:00	16:15:00	completed
461	65	4	2024-09-19	16:15:00	16:45:00	completed
462	83	3	2024-09-19	16:30:00	17:15:00	completed
463	45	1	2024-09-20	09:00:00	09:30:00	completed
464	67	7	2024-09-20	09:00:00	09:15:00	completed
465	23	4	2024-09-20	09:00:00	09:30:00	completed
466	89	6	2024-09-20	09:00:00	10:00:00	completed
467	12	2	2024-09-20	09:15:00	09:45:00	completed
468	75	16	2024-09-20	09:30:00	09:50:00	completed
469	34	13	2024-09-20	10:00:00	10:45:00	completed
470	56	5	2024-09-20	10:00:00	10:45:00	completed
471	91	8	2024-09-20	10:15:00	11:45:00	completed
472	28	3	2024-09-20	10:30:00	11:15:00	completed
473	82	17	2024-09-20	10:45:00	12:15:00	completed
474	44	10	2024-09-20	11:00:00	11:30:00	completed
475	15	19	2024-09-20	11:15:00	11:35:00	completed
476	77	4	2024-09-20	11:30:00	12:00:00	completed
477	92	1	2024-09-20	11:45:00	12:15:00	completed
478	65	7	2024-09-20	12:00:00	12:15:00	completed
479	31	15	2024-09-20	12:30:00	13:30:00	completed
480	88	12	2024-09-20	13:00:00	13:40:00	completed
481	42	6	2024-09-20	13:00:00	14:00:00	completed
482	85	18	2024-09-20	13:30:00	14:00:00	completed
483	25	5	2024-09-20	13:45:00	14:30:00	completed
484	73	9	2024-09-20	14:00:00	14:45:00	completed
485	37	1	2024-09-20	14:15:00	14:45:00	completed
486	96	11	2024-09-20	14:30:00	15:15:00	completed
487	55	16	2024-09-20	14:45:00	15:05:00	completed
488	83	4	2024-09-20	15:00:00	15:30:00	completed
489	62	3	2024-09-20	15:15:00	16:00:00	completed
490	45	2	2024-09-20	15:30:00	16:00:00	completed
491	75	1	2024-09-20	15:45:00	16:15:00	completed
492	28	10	2024-09-20	16:00:00	16:30:00	completed
493	91	4	2024-09-20	16:15:00	16:45:00	completed
494	67	8	2024-09-20	16:30:00	18:00:00	completed
495	34	20	2024-09-20	16:45:00	17:15:00	completed
496	28	1	2024-09-21	09:00:00	09:30:00	completed
497	45	7	2024-09-21	09:00:00	09:15:00	completed
498	67	4	2024-09-21	09:00:00	09:30:00	completed
499	92	6	2024-09-21	09:00:00	10:00:00	completed
500	34	2	2024-09-21	09:15:00	09:45:00	completed
501	75	16	2024-09-21	09:30:00	09:50:00	completed
502	56	10	2024-09-21	09:45:00	10:15:00	completed
503	23	13	2024-09-21	10:00:00	10:45:00	completed
504	88	5	2024-09-21	10:00:00	10:45:00	completed
505	15	8	2024-09-21	10:15:00	11:45:00	completed
506	96	12	2024-09-21	10:30:00	11:10:00	completed
507	42	17	2024-09-21	10:45:00	12:15:00	completed
508	77	1	2024-09-21	11:00:00	11:30:00	completed
509	31	4	2024-09-21	11:15:00	11:45:00	completed
510	65	7	2024-09-21	11:30:00	11:45:00	completed
511	82	19	2024-09-21	11:45:00	12:05:00	completed
512	44	6	2024-09-21	12:00:00	13:00:00	completed
513	91	15	2024-09-21	12:30:00	13:30:00	completed
514	25	18	2024-09-21	13:00:00	13:30:00	completed
515	73	5	2024-09-21	13:15:00	14:00:00	completed
516	37	9	2024-09-21	13:30:00	14:15:00	completed
517	89	1	2024-09-21	13:45:00	14:15:00	completed
518	55	11	2024-09-21	14:00:00	14:45:00	completed
519	85	20	2024-09-21	14:15:00	14:45:00	completed
520	28	4	2024-09-21	14:30:00	15:00:00	completed
521	62	3	2024-09-21	14:45:00	15:30:00	completed
522	83	2	2024-09-21	15:00:00	15:30:00	completed
523	45	1	2024-09-21	15:15:00	15:45:00	completed
524	67	10	2024-09-21	15:30:00	16:00:00	completed
525	34	7	2024-09-21	15:45:00	16:00:00	completed
526	92	4	2024-09-21	16:00:00	16:30:00	completed
527	75	8	2024-09-21	16:00:00	17:30:00	completed
528	56	16	2024-09-21	16:15:00	16:35:00	completed
529	23	17	2024-09-21	16:15:00	17:45:00	completed
530	88	5	2024-09-21	16:30:00	17:15:00	completed
531	96	1	2024-09-21	16:30:00	17:00:00	completed
532	42	10	2024-09-21	16:45:00	17:15:00	completed
533	77	1	2024-09-22	10:00:00	10:30:00	completed
534	31	7	2024-09-22	10:00:00	10:15:00	completed
535	65	4	2024-09-22	10:30:00	11:00:00	completed
536	82	6	2024-09-22	10:30:00	11:30:00	completed
537	44	13	2024-09-22	11:00:00	11:45:00	completed
538	91	5	2024-09-22	11:30:00	12:15:00	completed
539	25	16	2024-09-22	11:45:00	12:05:00	completed
540	73	8	2024-09-22	12:00:00	13:30:00	completed
541	37	3	2024-09-22	12:30:00	13:15:00	completed
542	89	17	2024-09-22	13:00:00	14:30:00	completed
543	55	10	2024-09-22	13:15:00	13:45:00	completed
544	85	19	2024-09-22	13:30:00	13:50:00	completed
545	28	4	2024-09-22	14:00:00	14:30:00	completed
546	62	1	2024-09-22	14:30:00	15:00:00	completed
547	83	7	2024-09-22	14:45:00	15:00:00	completed
548	45	6	2024-09-22	15:00:00	16:00:00	completed
549	67	15	2024-09-22	15:30:00	16:30:00	completed
550	34	5	2024-09-22	16:00:00	16:45:00	completed
551	41	1	2024-09-23	09:00:00	09:30:00	completed
552	72	7	2024-09-23	09:00:00	09:15:00	completed
553	33	4	2024-09-23	09:00:00	09:30:00	completed
554	88	6	2024-09-23	09:15:00	10:15:00	completed
555	15	2	2024-09-23	09:30:00	10:00:00	completed
556	63	13	2024-09-23	10:00:00	10:45:00	completed
557	27	5	2024-09-23	10:15:00	11:00:00	completed
558	94	16	2024-09-23	10:30:00	10:50:00	completed
559	52	8	2024-09-23	10:45:00	12:15:00	completed
560	19	17	2024-09-23	11:15:00	12:45:00	completed
561	85	10	2024-09-23	11:30:00	12:00:00	completed
562	44	1	2024-09-23	12:00:00	12:30:00	completed
563	73	7	2024-09-23	13:30:00	13:45:00	completed
564	26	12	2024-09-23	13:45:00	14:25:00	completed
565	91	6	2024-09-23	14:00:00	15:00:00	completed
566	38	4	2024-09-23	15:00:00	15:30:00	completed
567	67	3	2024-09-23	15:30:00	16:15:00	completed
568	82	1	2024-09-23	16:00:00	16:30:00	completed
569	55	1	2024-09-24	09:00:00	09:30:00	completed
570	23	7	2024-09-24	09:00:00	09:15:00	completed
571	78	4	2024-09-24	09:00:00	09:30:00	completed
572	45	6	2024-09-24	09:15:00	10:15:00	completed
573	92	16	2024-09-24	09:30:00	09:50:00	completed
574	31	13	2024-09-24	10:00:00	10:45:00	completed
575	84	5	2024-09-24	10:15:00	11:00:00	completed
576	17	8	2024-09-24	10:30:00	12:00:00	completed
577	69	3	2024-09-24	11:00:00	11:45:00	completed
578	36	17	2024-09-24	11:15:00	12:45:00	completed
579	88	10	2024-09-24	11:30:00	12:00:00	completed
580	51	19	2024-09-24	12:00:00	12:20:00	completed
581	25	4	2024-09-24	12:30:00	13:00:00	completed
582	72	7	2024-09-24	13:30:00	13:45:00	completed
583	95	12	2024-09-24	13:45:00	14:25:00	completed
584	43	6	2024-09-24	14:00:00	15:00:00	completed
585	64	18	2024-09-24	14:30:00	15:00:00	completed
586	29	5	2024-09-24	15:00:00	15:45:00	completed
587	83	1	2024-09-24	15:30:00	16:00:00	completed
588	47	4	2024-09-24	16:00:00	16:30:00	completed
589	392	1	2024-09-25	09:00:00	09:30:00	completed
590	72	7	2024-09-25	09:00:00	09:15:00	completed
591	393	4	2024-09-25	09:00:00	09:30:00	completed
592	88	6	2024-09-25	09:15:00	10:15:00	completed
593	394	2	2024-09-25	09:30:00	10:00:00	completed
594	63	13	2024-09-25	10:00:00	10:45:00	completed
595	395	5	2024-09-25	10:15:00	11:00:00	completed
596	396	16	2024-09-25	10:30:00	10:50:00	completed
597	52	8	2024-09-25	10:45:00	12:15:00	completed
598	397	17	2024-09-25	11:15:00	12:45:00	completed
599	85	10	2024-09-25	11:30:00	12:00:00	completed
600	398	1	2024-09-25	12:00:00	12:30:00	completed
601	399	7	2024-09-25	13:30:00	13:45:00	completed
602	26	12	2024-09-25	13:45:00	14:25:00	completed
603	400	6	2024-09-25	14:00:00	15:00:00	completed
604	401	4	2024-09-25	15:00:00	15:30:00	completed
605	67	3	2024-09-25	15:30:00	16:15:00	completed
606	402	1	2024-09-25	16:00:00	16:30:00	completed
607	403	1	2024-09-26	09:00:00	09:30:00	completed
608	23	7	2024-09-26	09:00:00	09:15:00	completed
609	404	4	2024-09-26	09:00:00	09:30:00	completed
610	405	6	2024-09-26	09:15:00	10:15:00	completed
611	406	16	2024-09-26	09:30:00	09:50:00	completed
612	31	13	2024-09-26	10:00:00	10:45:00	completed
613	407	5	2024-09-26	10:15:00	11:00:00	completed
614	408	8	2024-09-26	10:30:00	12:00:00	completed
615	409	3	2024-09-26	11:00:00	11:45:00	completed
616	410	17	2024-09-26	11:15:00	12:45:00	completed
617	88	10	2024-09-26	11:30:00	12:00:00	completed
618	411	19	2024-09-26	12:00:00	12:20:00	completed
619	412	4	2024-09-26	12:30:00	13:00:00	completed
620	413	7	2024-09-26	13:30:00	13:45:00	completed
621	95	12	2024-09-26	13:45:00	14:25:00	completed
622	414	6	2024-09-26	14:00:00	15:00:00	completed
623	415	18	2024-09-26	14:30:00	15:00:00	completed
624	416	5	2024-09-26	15:00:00	15:45:00	completed
625	417	1	2024-09-26	15:30:00	16:00:00	completed
626	418	4	2024-09-26	16:00:00	16:30:00	completed
627	419	1	2024-09-27	09:00:00	09:30:00	completed
628	420	7	2024-09-27	09:00:00	09:15:00	completed
629	45	4	2024-09-27	09:00:00	09:30:00	completed
630	421	6	2024-09-27	09:00:00	10:00:00	completed
631	422	2	2024-09-27	09:15:00	09:45:00	completed
632	423	16	2024-09-27	09:30:00	09:50:00	completed
633	424	10	2024-09-27	09:45:00	10:15:00	completed
634	78	13	2024-09-27	10:00:00	10:45:00	completed
635	425	5	2024-09-27	10:00:00	10:45:00	completed
636	426	8	2024-09-27	10:15:00	11:45:00	completed
637	92	12	2024-09-27	10:30:00	11:10:00	completed
638	427	17	2024-09-27	10:45:00	12:15:00	completed
639	428	1	2024-09-27	11:00:00	11:30:00	completed
640	429	4	2024-09-27	11:15:00	11:45:00	completed
641	430	7	2024-09-27	11:30:00	11:45:00	completed
642	431	19	2024-09-27	11:45:00	12:05:00	completed
643	432	6	2024-09-27	12:00:00	13:00:00	completed
644	63	15	2024-09-27	12:30:00	13:30:00	completed
645	433	12	2024-09-27	13:00:00	13:40:00	completed
646	434	6	2024-09-27	13:00:00	14:00:00	completed
647	435	18	2024-09-27	13:30:00	14:00:00	completed
648	436	5	2024-09-27	13:45:00	14:30:00	completed
649	437	9	2024-09-27	14:00:00	14:45:00	completed
650	85	1	2024-09-27	14:30:00	15:00:00	completed
651	438	11	2024-09-27	15:00:00	15:45:00	completed
652	439	16	2024-09-27	15:30:00	15:50:00	completed
653	440	4	2024-09-27	16:00:00	16:30:00	completed
654	441	3	2024-09-27	16:30:00	17:15:00	completed
655	442	1	2024-09-28	09:00:00	09:30:00	completed
656	45	7	2024-09-28	09:00:00	09:15:00	completed
657	443	4	2024-09-28	09:00:00	09:30:00	completed
658	444	6	2024-09-28	09:00:00	10:00:00	completed
659	88	2	2024-09-28	09:15:00	09:45:00	completed
660	445	16	2024-09-28	09:30:00	09:50:00	completed
661	446	10	2024-09-28	09:45:00	10:15:00	completed
662	63	13	2024-09-28	10:00:00	10:45:00	completed
663	447	5	2024-09-28	10:00:00	10:45:00	completed
664	448	8	2024-09-28	10:15:00	11:45:00	completed
665	92	12	2024-09-28	10:30:00	11:10:00	completed
666	449	17	2024-09-28	10:45:00	12:15:00	completed
667	72	1	2024-09-28	11:00:00	11:30:00	completed
668	450	4	2024-09-28	11:15:00	11:45:00	completed
669	451	7	2024-09-28	11:30:00	11:45:00	completed
670	452	19	2024-09-28	11:45:00	12:05:00	completed
671	85	6	2024-09-28	12:00:00	13:00:00	completed
672	453	15	2024-09-28	12:30:00	13:30:00	completed
673	454	18	2024-09-28	13:00:00	13:30:00	completed
674	455	5	2024-09-28	13:15:00	14:00:00	completed
675	456	9	2024-09-28	13:30:00	14:15:00	completed
676	31	1	2024-09-28	13:45:00	14:15:00	completed
677	457	11	2024-09-28	14:00:00	14:45:00	completed
678	458	20	2024-09-28	14:15:00	14:45:00	completed
679	459	4	2024-09-28	14:30:00	15:00:00	completed
680	55	3	2024-09-28	14:45:00	15:30:00	completed
681	460	2	2024-09-28	15:00:00	15:30:00	completed
682	461	1	2024-09-28	15:15:00	15:45:00	completed
683	462	10	2024-09-28	15:30:00	16:00:00	completed
684	78	7	2024-09-28	15:45:00	16:00:00	completed
685	463	4	2024-09-28	16:00:00	16:30:00	completed
686	464	8	2024-09-28	16:00:00	17:30:00	completed
687	465	16	2024-09-28	16:15:00	16:35:00	completed
688	466	17	2024-09-28	16:15:00	17:45:00	completed
689	467	5	2024-09-28	16:30:00	17:15:00	completed
690	95	1	2024-09-28	16:30:00	17:00:00	completed
691	468	1	2024-09-29	10:00:00	10:30:00	completed
692	67	7	2024-09-29	10:00:00	10:15:00	completed
693	469	4	2024-09-29	10:30:00	11:00:00	completed
694	470	6	2024-09-29	10:30:00	11:30:00	completed
695	82	13	2024-09-29	11:00:00	11:45:00	completed
696	471	5	2024-09-29	11:30:00	12:15:00	completed
697	472	16	2024-09-29	11:45:00	12:05:00	completed
698	473	8	2024-09-29	12:00:00	13:30:00	completed
699	44	17	2024-09-29	13:00:00	14:30:00	completed
700	474	10	2024-09-29	13:15:00	13:45:00	completed
701	475	19	2024-09-29	13:30:00	13:50:00	completed
702	91	4	2024-09-29	14:00:00	14:30:00	completed
703	392	1	2024-09-30	09:00:00	09:30:00	completed
704	45	7	2024-09-30	09:00:00	09:15:00	completed
705	396	4	2024-09-30	09:00:00	09:30:00	completed
706	82	6	2024-09-30	09:15:00	10:15:00	completed
707	401	2	2024-09-30	09:30:00	10:00:00	completed
708	72	13	2024-09-30	10:00:00	10:45:00	completed
709	405	5	2024-09-30	10:15:00	11:00:00	completed
710	88	16	2024-09-30	10:30:00	10:50:00	completed
711	410	8	2024-09-30	10:45:00	12:15:00	completed
712	63	17	2024-09-30	11:15:00	12:45:00	completed
713	415	10	2024-09-30	11:30:00	12:00:00	completed
714	95	1	2024-09-30	12:00:00	12:30:00	completed
715	420	7	2024-09-30	13:30:00	13:45:00	completed
716	31	12	2024-09-30	13:45:00	14:25:00	completed
717	425	6	2024-09-30	14:00:00	15:00:00	completed
718	52	4	2024-09-30	15:00:00	15:30:00	completed
719	430	3	2024-09-30	15:30:00	16:15:00	completed
720	78	1	2024-09-30	16:00:00	16:30:00	completed
721	435	1	2024-10-01	09:00:00	09:30:00	completed
722	67	7	2024-10-01	09:00:00	09:15:00	completed
723	440	4	2024-10-01	09:00:00	09:30:00	completed
724	91	6	2024-10-01	09:15:00	10:15:00	completed
725	445	16	2024-10-01	09:30:00	09:50:00	completed
726	85	13	2024-10-01	10:00:00	10:45:00	completed
727	450	5	2024-10-01	10:15:00	11:00:00	completed
728	455	8	2024-10-01	10:30:00	12:00:00	completed
729	44	3	2024-10-01	11:00:00	11:45:00	completed
730	460	17	2024-10-01	11:15:00	12:45:00	completed
731	23	10	2024-10-01	11:30:00	12:00:00	completed
732	465	19	2024-10-01	12:00:00	12:20:00	completed
733	470	4	2024-10-01	12:30:00	13:00:00	completed
734	395	7	2024-10-01	13:30:00	13:45:00	completed
735	92	12	2024-10-01	13:45:00	14:25:00	completed
736	400	6	2024-10-01	14:00:00	15:00:00	completed
737	474	18	2024-10-01	14:30:00	15:00:00	completed
738	405	5	2024-10-01	15:00:00	15:45:00	completed
739	55	1	2024-10-01	15:30:00	16:00:00	completed
740	410	4	2024-10-01	16:00:00	16:30:00	completed
741	415	1	2024-10-02	09:00:00	09:30:00	completed
742	72	7	2024-10-02	09:00:00	09:15:00	completed
743	420	4	2024-10-02	09:00:00	09:30:00	completed
744	88	6	2024-10-02	09:15:00	10:15:00	completed
745	425	2	2024-10-02	09:30:00	10:00:00	completed
746	82	13	2024-10-02	10:00:00	10:45:00	completed
747	430	5	2024-10-02	10:15:00	11:00:00	completed
748	435	8	2024-10-02	10:30:00	12:00:00	completed
749	63	3	2024-10-02	10:45:00	11:30:00	completed
750	440	17	2024-10-02	11:15:00	12:45:00	completed
751	31	10	2024-10-02	11:30:00	12:00:00	completed
752	445	1	2024-10-02	12:00:00	12:30:00	completed
753	450	7	2024-10-02	13:30:00	13:45:00	completed
754	95	12	2024-10-02	13:45:00	14:25:00	completed
755	455	6	2024-10-02	14:00:00	15:00:00	completed
756	460	4	2024-10-02	15:00:00	15:30:00	completed
757	67	3	2024-10-02	15:30:00	16:15:00	completed
758	465	1	2024-10-02	16:00:00	16:30:00	completed
759	45	3	2024-10-05	09:00:00	09:45:00	completed
760	67	2	2024-10-05	09:15:00	09:45:00	completed
761	28	10	2024-10-05	09:30:00	10:00:00	completed
762	92	8	2024-10-05	09:45:00	11:15:00	completed
763	34	3	2024-10-05	10:30:00	11:15:00	completed
764	75	15	2024-10-05	10:45:00	11:45:00	completed
765	56	5	2024-10-05	11:00:00	11:45:00	completed
766	23	7	2024-10-05	11:30:00	11:45:00	completed
767	88	3	2024-10-05	13:00:00	13:45:00	completed
768	96	2	2024-10-05	13:15:00	13:45:00	completed
769	42	19	2024-10-05	13:30:00	13:50:00	completed
770	77	8	2024-10-05	14:00:00	15:30:00	completed
771	31	3	2024-10-05	15:00:00	15:45:00	completed
772	65	15	2024-10-05	15:30:00	16:30:00	completed
773	82	5	2024-10-05	16:00:00	16:45:00	completed
774	44	10	2024-10-05	16:30:00	17:00:00	completed
775	91	3	2024-10-06	10:00:00	10:45:00	completed
776	25	2	2024-10-06	10:30:00	11:00:00	completed
777	73	19	2024-10-06	11:00:00	11:20:00	completed
778	37	8	2024-10-06	11:30:00	13:00:00	completed
779	89	3	2024-10-06	13:00:00	13:45:00	completed
780	55	15	2024-10-06	13:30:00	14:30:00	completed
781	85	5	2024-10-06	14:00:00	14:45:00	completed
782	28	10	2024-10-06	14:30:00	15:00:00	completed
783	44	19	2024-10-07	09:00:00	09:20:00	completed
784	56	3	2024-10-07	09:15:00	10:00:00	completed
785	82	2	2024-10-07	09:30:00	10:00:00	completed
786	31	16	2024-10-07	10:00:00	10:20:00	completed
787	65	20	2024-10-07	10:30:00	11:00:00	completed
788	77	7	2024-10-07	11:00:00	11:15:00	completed
789	28	5	2024-10-07	11:30:00	12:15:00	completed
790	92	4	2024-10-07	12:00:00	12:30:00	completed
791	34	10	2024-10-07	12:30:00	13:00:00	completed
792	75	21	2024-10-07	14:00:00	14:20:00	completed
793	89	7	2024-10-07	14:30:00	14:45:00	completed
794	96	14	2024-10-07	15:00:00	17:00:00	completed
795	42	4	2024-10-07	15:30:00	16:00:00	completed
796	55	17	2024-10-08	09:00:00	10:30:00	completed
797	88	10	2024-10-08	09:30:00	10:00:00	completed
798	67	5	2024-10-08	10:00:00	10:45:00	completed
799	23	20	2024-10-08	10:30:00	11:00:00	completed
800	91	15	2024-10-08	13:00:00	14:00:00	completed
801	45	3	2024-10-08	13:30:00	14:15:00	completed
802	73	4	2024-10-08	14:00:00	14:30:00	completed
803	37	7	2024-10-08	14:30:00	14:45:00	completed
853	148	40	2024-10-19	15:00:00	16:00:00	completed
807	102	51	2024-10-14	09:30:00	10:15:00	completed
808	103	43	2024-10-14	10:00:00	10:20:00	completed
809	104	39	2024-10-14	10:30:00	11:15:00	completed
810	105	58	2024-10-14	11:00:00	11:30:00	completed
811	106	37	2024-10-14	14:00:00	14:40:00	completed
812	107	28	2024-10-14	14:30:00	15:00:00	completed
813	108	52	2024-10-14	15:00:00	17:00:00	completed
814	109	44	2024-10-14	15:30:00	16:15:00	completed
815	110	32	2024-10-15	09:00:00	10:00:00	completed
816	111	38	2024-10-15	09:30:00	10:15:00	completed
817	112	59	2024-10-15	10:00:00	10:45:00	completed
818	113	29	2024-10-15	10:30:00	11:00:00	completed
819	114	53	2024-10-15	14:00:00	14:30:00	completed
820	115	45	2024-10-15	14:30:00	15:00:00	completed
821	116	40	2024-10-15	15:00:00	16:00:00	completed
822	117	33	2024-10-15	15:30:00	15:45:00	completed
824	119	51	2024-10-16	09:30:00	10:15:00	completed
825	120	43	2024-10-16	10:00:00	10:20:00	completed
826	121	39	2024-10-16	10:30:00	11:15:00	completed
827	122	58	2024-10-16	14:00:00	14:30:00	completed
828	123	37	2024-10-16	14:30:00	15:10:00	completed
829	124	28	2024-10-16	15:00:00	15:30:00	completed
830	125	52	2024-10-16	15:30:00	17:30:00	completed
831	126	44	2024-10-17	09:00:00	09:45:00	completed
832	127	32	2024-10-17	09:30:00	10:30:00	completed
833	128	38	2024-10-17	10:00:00	10:45:00	completed
834	129	59	2024-10-17	10:30:00	11:15:00	completed
835	130	29	2024-10-17	14:00:00	14:30:00	completed
836	131	53	2024-10-17	14:30:00	15:00:00	completed
837	132	40	2024-10-17	15:00:00	16:00:00	completed
838	133	33	2024-10-17	15:30:00	15:45:00	completed
840	135	51	2024-10-18	09:30:00	10:15:00	completed
841	136	43	2024-10-18	10:00:00	10:20:00	completed
842	137	39	2024-10-18	10:30:00	11:15:00	completed
843	138	58	2024-10-18	14:00:00	14:30:00	completed
844	139	37	2024-10-18	14:30:00	15:10:00	completed
845	140	28	2024-10-18	15:00:00	15:30:00	completed
846	141	44	2024-10-18	15:30:00	16:15:00	completed
847	142	32	2024-10-19	09:00:00	10:00:00	completed
848	143	38	2024-10-19	09:30:00	10:15:00	completed
849	144	59	2024-10-19	10:00:00	10:45:00	completed
850	145	29	2024-10-19	10:30:00	11:00:00	completed
851	146	53	2024-10-19	14:00:00	14:30:00	completed
852	147	45	2024-10-19	14:30:00	15:00:00	completed
854	149	33	2024-10-19	15:30:00	15:45:00	completed
856	151	51	2024-10-21	09:30:00	10:15:00	completed
857	152	43	2024-10-21	10:00:00	10:20:00	completed
858	153	39	2024-10-21	10:30:00	11:15:00	completed
859	154	58	2024-10-21	11:00:00	11:30:00	completed
860	155	32	2024-10-21	14:00:00	15:00:00	completed
861	156	52	2024-10-21	14:30:00	16:30:00	completed
862	157	44	2024-10-21	15:00:00	15:45:00	completed
863	158	40	2024-10-21	15:30:00	16:30:00	completed
864	159	59	2024-10-21	16:00:00	16:45:00	completed
865	160	33	2024-10-22	09:00:00	09:15:00	completed
866	161	53	2024-10-22	09:30:00	10:00:00	completed
867	162	45	2024-10-22	10:00:00	10:30:00	completed
868	163	41	2024-10-22	10:30:00	10:45:00	completed
869	164	60	2024-10-22	11:00:00	12:00:00	completed
871	166	51	2024-10-22	14:30:00	15:15:00	completed
872	167	43	2024-10-22	15:00:00	15:20:00	completed
873	168	39	2024-10-22	15:30:00	16:15:00	completed
874	169	58	2024-10-22	16:00:00	16:30:00	completed
875	170	32	2024-10-23	09:00:00	10:00:00	completed
876	171	52	2024-10-23	09:30:00	11:30:00	completed
877	172	44	2024-10-23	10:00:00	10:45:00	completed
878	173	40	2024-10-23	10:30:00	11:30:00	completed
879	174	59	2024-10-23	11:00:00	11:45:00	completed
880	175	33	2024-10-23	14:00:00	14:15:00	completed
881	176	53	2024-10-23	14:30:00	15:00:00	completed
882	177	45	2024-10-23	15:00:00	15:30:00	completed
883	178	41	2024-10-23	15:30:00	15:45:00	completed
884	179	60	2024-10-23	16:00:00	17:00:00	completed
885	180	58	2024-10-24	09:00:00	09:30:00	completed
886	181	41	2024-10-24	09:00:00	09:15:00	completed
887	182	39	2024-10-24	10:00:00	10:45:00	completed
888	183	25	2024-10-24	10:00:00	10:30:00	completed
889	184	59	2024-10-24	14:00:00	14:45:00	completed
890	185	42	2024-10-24	14:30:00	15:30:00	completed
891	186	40	2024-10-24	15:00:00	16:00:00	completed
892	187	26	2024-10-24	15:30:00	16:00:00	completed
893	188	60	2024-10-25	09:00:00	10:00:00	completed
894	189	43	2024-10-25	09:30:00	09:50:00	completed
895	190	41	2024-10-25	10:00:00	10:15:00	completed
896	191	25	2024-10-25	10:30:00	11:00:00	completed
897	192	58	2024-10-25	14:00:00	14:30:00	completed
898	193	41	2024-10-25	14:30:00	14:45:00	completed
899	194	42	2024-10-25	15:00:00	16:00:00	completed
806	101	73	2024-10-14	09:00:00	09:45:00	completed
823	118	73	2024-10-16	09:00:00	09:45:00	completed
839	134	73	2024-10-18	09:00:00	09:45:00	completed
855	150	73	2024-10-21	09:00:00	09:45:00	completed
870	165	73	2024-10-22	14:00:00	14:45:00	completed
900	195	26	2024-10-25	15:30:00	16:00:00	completed
901	196	59	2024-10-26	09:00:00	09:45:00	completed
902	197	42	2024-10-26	09:30:00	10:30:00	completed
903	198	40	2024-10-26	10:00:00	11:00:00	completed
904	199	25	2024-10-26	10:30:00	11:00:00	completed
905	200	60	2024-10-26	11:00:00	12:00:00	completed
906	201	58	2024-10-26	14:00:00	14:30:00	completed
907	202	43	2024-10-26	14:30:00	14:50:00	completed
908	203	41	2024-10-26	15:00:00	15:15:00	completed
909	204	26	2024-10-26	15:30:00	16:00:00	completed
910	205	41	2024-10-28	09:00:00	09:15:00	completed
911	206	57	2024-10-28	09:30:00	09:45:00	completed
912	207	25	2024-10-28	10:00:00	10:30:00	completed
913	208	42	2024-10-28	14:00:00	15:00:00	completed
914	209	56	2024-10-28	14:30:00	15:30:00	completed
915	210	26	2024-10-28	15:00:00	15:30:00	completed
916	211	43	2024-10-29	09:00:00	09:20:00	completed
917	212	57	2024-10-29	09:30:00	09:45:00	completed
918	213	25	2024-10-29	10:00:00	10:30:00	completed
919	214	41	2024-10-29	14:00:00	14:15:00	completed
920	215	56	2024-10-29	14:30:00	15:30:00	completed
921	216	26	2024-10-29	15:00:00	15:30:00	completed
922	217	42	2024-10-30	09:00:00	10:00:00	completed
923	218	57	2024-10-30	09:30:00	09:45:00	completed
924	219	25	2024-10-30	10:00:00	10:30:00	completed
925	220	43	2024-10-30	14:00:00	14:20:00	completed
926	221	56	2024-10-30	14:30:00	15:30:00	completed
927	222	26	2024-10-30	15:00:00	15:30:00	completed
928	223	41	2024-10-31	09:00:00	09:15:00	completed
929	224	57	2024-10-31	09:30:00	09:45:00	completed
930	225	25	2024-10-31	10:00:00	10:30:00	completed
931	226	42	2024-10-31	14:00:00	15:00:00	completed
932	227	56	2024-10-31	14:30:00	15:30:00	completed
933	228	26	2024-10-31	15:00:00	15:30:00	completed
934	145	1	2024-11-01	09:00:00	09:30:00	completed
935	156	7	2024-11-01	09:00:00	09:15:00	completed
936	167	22	2024-11-01	09:00:00	10:00:00	completed
937	178	6	2024-11-01	09:00:00	10:00:00	completed
938	180	16	2024-11-01	09:30:00	09:50:00	completed
939	181	13	2024-11-01	10:00:00	10:45:00	completed
940	182	5	2024-11-01	10:00:00	10:45:00	completed
941	185	17	2024-11-01	11:00:00	12:30:00	completed
942	186	10	2024-11-01	11:30:00	12:00:00	completed
943	187	19	2024-11-01	11:30:00	11:50:00	completed
944	179	14	2024-11-01	09:30:00	11:30:00	cancelled
945	183	21	2024-11-01	10:30:00	10:50:00	cancelled
946	188	4	2024-11-01	13:00:00	13:30:00	completed
947	189	1	2024-11-01	13:30:00	14:00:00	completed
948	190	23	2024-11-01	14:00:00	14:30:00	completed
949	191	12	2024-11-01	14:30:00	15:10:00	completed
950	192	6	2024-11-01	15:00:00	16:00:00	completed
951	193	15	2024-11-01	15:30:00	16:30:00	completed
952	194	18	2024-11-01	16:00:00	16:30:00	completed
953	195	1	2024-11-02	10:00:00	10:30:00	completed
954	196	7	2024-11-02	10:00:00	10:15:00	completed
955	197	14	2024-11-02	10:00:00	12:00:00	completed
956	198	6	2024-11-02	10:30:00	11:30:00	completed
957	199	22	2024-11-02	11:00:00	12:00:00	completed
958	200	16	2024-11-02	11:00:00	11:20:00	completed
959	201	13	2024-11-02	11:30:00	12:15:00	completed
960	202	9	2024-11-02	11:30:00	12:15:00	cancelled
961	203	11	2024-11-02	12:00:00	12:45:00	cancelled
962	204	5	2024-11-02	13:00:00	13:45:00	completed
963	205	17	2024-11-02	13:30:00	15:00:00	completed
964	206	10	2024-11-02	14:00:00	14:30:00	completed
965	207	19	2024-11-02	14:30:00	14:50:00	completed
966	208	4	2024-11-02	15:00:00	15:30:00	completed
967	209	21	2024-11-02	15:30:00	15:50:00	completed
968	210	1	2024-11-03	09:00:00	09:30:00	cancelled
969	211	7	2024-11-03	09:00:00	09:15:00	completed
970	212	22	2024-11-03	09:00:00	10:00:00	completed
971	213	6	2024-11-03	09:30:00	10:30:00	completed
972	214	16	2024-11-03	10:00:00	10:20:00	completed
973	215	13	2024-11-03	10:00:00	10:45:00	completed
974	216	5	2024-11-03	10:30:00	11:15:00	completed
975	217	23	2024-11-03	11:00:00	11:30:00	completed
976	218	10	2024-11-03	11:30:00	12:00:00	completed
977	219	19	2024-11-03	12:00:00	12:20:00	completed
978	220	4	2024-11-03	12:30:00	13:00:00	completed
979	221	21	2024-11-03	13:00:00	13:20:00	completed
980	222	12	2024-11-03	13:30:00	14:10:00	completed
981	223	15	2024-11-03	14:00:00	15:00:00	cancelled
994	240	1	2024-11-04	09:00:00	09:30:00	scheduled
995	241	7	2024-11-04	09:00:00	09:15:00	scheduled
996	242	22	2024-11-04	09:30:00	10:30:00	scheduled
997	243	6	2024-11-04	10:00:00	11:00:00	scheduled
998	244	16	2024-11-04	10:30:00	10:50:00	scheduled
999	245	13	2024-11-04	13:00:00	13:45:00	scheduled
1000	246	5	2024-11-04	13:30:00	14:15:00	scheduled
1001	247	17	2024-11-04	14:00:00	15:30:00	scheduled
1002	248	10	2024-11-04	14:30:00	15:00:00	scheduled
1003	249	19	2024-11-04	15:00:00	15:20:00	scheduled
985	230	6	2024-11-03	14:30:00	15:30:00	scheduled
986	231	3	2024-11-03	14:45:00	15:30:00	scheduled
987	232	21	2024-11-03	14:45:00	15:05:00	scheduled
988	233	1	2024-11-03	15:30:00	16:00:00	scheduled
989	234	11	2024-11-03	15:30:00	16:15:00	scheduled
982	227	14	2024-11-03	14:00:00	16:00:00	completed
990	235	20	2024-11-03	15:45:00	16:15:00	scheduled
991	236	4	2024-11-03	16:00:00	16:30:00	scheduled
992	237	3	2024-11-03	16:15:00	17:00:00	scheduled
993	238	16	2024-11-03	16:30:00	16:50:00	scheduled
1007	1	1	2024-12-30	16:00:00	16:30:00	completed
983	228	8	2024-11-03	14:15:00	15:45:00	completed
984	229	17	2024-11-03	14:30:00	16:00:00	completed
1009	479	1	2025-01-02	11:00:00	11:30:00	scheduled
1008	1	1	2025-01-02	16:00:00	16:30:00	completed
\.


--
-- TOC entry 4939 (class 0 OID 41112)
-- Dependencies: 220
-- Data for Name: customer; Type: TABLE DATA; Schema: public; Owner: postgres
--

COPY public.customer (id, first_name, last_name, gender, phone_number, email) FROM stdin;
1	Kasun	Perera	male	077-123-4001	kasun.perera@gmail.com
2	Dilini	Fernando	female	076-123-4002	dilini.fernando@yahoo.com
3	Nuwan	Silva	male	070-123-4003	nuwan.silva@gmail.com
4	Chamari	Bandara	female	071-123-4004	chamari.bandara@hotmail.com
5	Sampath	Gunawardena	male	075-123-4005	sampath.g@gmail.com
6	Nilmini	Rajapaksa	female	077-123-4006	nilmini.r@yahoo.com
7	Buddhika	Dissanayake	male	076-123-4007	buddhika.d@gmail.com
8	Sachini	Wickramasinghe	female	070-123-4008	sachini.w@hotmail.com
9	Pradeep	Senanayake	male	071-123-4009	pradeep.s@gmail.com
10	Madhavi	Ranasinghe	female	075-123-4010	madhavi.r@yahoo.com
11	Rajan	Thirunavukarasu	male	077-123-4011	rajan.t@gmail.com
12	Priya	Chandran	female	076-123-4012	priya.c@yahoo.com
13	Kumar	Rajaratnam	male	070-123-4013	kumar.r@hotmail.com
14	Shanthi	Sivakumar	female	071-123-4014	shanthi.s@gmail.com
15	Vijay	Kathirkamanathan	male	075-123-4015	vijay.k@yahoo.com
16	Ahmed	Farook	male	077-123-4016	ahmed.f@gmail.com
17	Fatima	Hussain	female	076-123-4017	fatima.h@yahoo.com
18	Mohammed	Rizvi	male	070-123-4018	mohammed.r@hotmail.com
19	Ayesha	Rahman	female	071-123-4019	ayesha.r@gmail.com
20	Hassan	Mansoor	male	075-123-4020	hassan.m@yahoo.com
21	Lakmal	Weerasinghe	male	077-123-4021	lakmal.w@gmail.com
22	Deepa	Jeyakumar	female	076-123-4022	deepa.j@yahoo.com
23	Imran	Malik	male	070-123-4023	imran.m@hotmail.com
24	Dilrukshi	Kumarasinghe	female	071-123-4024	dilrukshi.k@gmail.com
25	Selvan	Yogarajah	male	075-123-4025	selvan.y@yahoo.com
26	Chaminda	Ratnayake	male	077-123-4026	chaminda.r@gmail.com
27	Nalini	Murugesu	female	076-123-4027	nalini.m@yahoo.com
28	Rifkan	Azeez	male	070-123-4028	rifkan.a@hotmail.com
29	Kumudini	Pathirana	female	071-123-4029	kumudini.p@gmail.com
30	Ramesh	Balasingham	male	075-123-4030	ramesh.b@yahoo.com
31	Thilina	Jayawardena	male	077-123-4031	thilina.j@gmail.com
32	Malathi	Ravindran	female	076-123-4032	malathi.r@yahoo.com
33	Fathima	Mohideen	female	070-123-4033	fathima.m@hotmail.com
34	Ruwan	Vithanage	male	071-123-4034	ruwan.v@gmail.com
35	Theepa	Shanmuganathan	female	075-123-4035	theepa.s@yahoo.com
36	Asanka	Herath	male	077-123-4036	asanka.h@gmail.com
37	Shalini	Pararajasingham	female	076-123-4037	shalini.p@yahoo.com
38	Rizwan	Jamaldeen	male	070-123-4038	rizwan.j@hotmail.com
39	Sanduni	Amarasinghe	female	071-123-4039	sanduni.a@gmail.com
40	Ganesh	Rajendran	male	075-123-4040	ganesh.r@yahoo.com
41	Prasanna	Fonseka	male	077-123-4041	prasanna.f@gmail.com
42	Thushara	Goonetilleke	female	076-123-4042	thushara.g@yahoo.com
43	Rafeek	Hameed	male	070-123-4043	rafeek.h@hotmail.com
44	Ishara	Samaraweera	female	071-123-4044	ishara.s@gmail.com
45	Nimal	Karunanayake	male	075-123-4045	nimal.k@yahoo.com
46	Malsha	Welikala	female	077-123-4046	malsha.w@gmail.com
47	Shehan	Galappatti	male	076-123-4047	shehan.g@yahoo.com
48	Safna	Nalir	female	070-123-4048	safna.n@hotmail.com
49	Hasitha	Weerasinghe	male	071-123-4049	hasitha.w@gmail.com
50	Nadeesha	Gunaratne	female	075-123-4050	nadeesha.g@yahoo.com
51	Dimuth	Samaranayake	male	077-123-4051	dimuth.s@gmail.com
52	Dilhara	Peris	female	076-123-4052	dilhara.p@yahoo.com
53	Ahamed	Zawahir	male	070-123-4053	ahamed.z@hotmail.com
54	Kishani	Jayasinghe	female	071-123-4054	kishani.j@gmail.com
55	Rajitha	Senaratne	male	075-123-4055	rajitha.s@yahoo.com
56	Nilukshi	Wickremesinghe	female	077-123-4056	nilukshi.w@gmail.com
57	Fazil	Deen	male	076-123-4057	fazil.d@yahoo.com
58	Sewwandi	Rathnayaka	female	070-123-4058	sewwandi.r@hotmail.com
59	Dinesh	Chandrasena	male	071-123-4059	dinesh.c@gmail.com
60	Amali	De Silva	female	075-123-4060	amali.d@yahoo.com
61	Charith	Senanayake	male	077-123-4061	charith.s@gmail.com
62	Nimali	Kulasekara	female	076-123-4062	nimali.k@yahoo.com
63	Ibrahim	Lafir	male	070-123-4063	ibrahim.l@hotmail.com
64	Sumudu	Abeysekara	female	071-123-4064	sumudu.a@gmail.com
65	Chandana	Weerasinghe	male	075-123-4065	chandana.w@yahoo.com
66	Randhir	Thanabalasingham	male	077-123-4066	randhir.t@gmail.com
67	Dilrukshi	Wijekoon	female	076-123-4067	dilrukshi.w@yahoo.com
68	Mohideen	Babar	male	070-123-4068	mohideen.b@hotmail.com
69	Wasana	Gunasekera	female	071-123-4069	wasana.g@gmail.com
70	Roshan	Peiris	male	075-123-4070	roshan.p@yahoo.com
71	Tharushi	Karunaratne	female	077-123-4071	tharushi.k@gmail.com
72	Ashan	Mendis	male	076-123-4072	ashan.m@yahoo.com
73	Farhana	Anver	female	070-123-4073	farhana.a@hotmail.com
74	Mithila	Jayakody	male	071-123-4074	mithila.j@gmail.com
75	Samanthi	Ratnayake	female	075-123-4075	samanthi.r@yahoo.com
76	Hashan	De Mel	male	077-123-4076	hashan.d@gmail.com
77	Neluka	Ranasinghe	female	076-123-4077	neluka.r@yahoo.com
78	Jehan	Marikar	male	070-123-4078	jehan.m@hotmail.com
79	Rasika	Tennakoon	female	071-123-4079	rasika.t@gmail.com
80	Suranga	Lakmal	male	075-123-4080	suranga.l@yahoo.com
81	Niroshi	Samarakoon	female	077-123-4081	niroshi.s@gmail.com
82	Azad	Hamid	male	076-123-4082	azad.h@yahoo.com
83	Chamila	Gamage	female	070-123-4083	chamila.g@hotmail.com
84	Yasas	Abeywickrama	male	071-123-4084	yasas.a@gmail.com
85	Minduli	Attanayake	female	075-123-4085	minduli.a@yahoo.com
86	Rajiv	Suntharalingam	male	077-123-4086	rajiv.s@gmail.com
87	Lakmali	Dharmawardena	female	076-123-4087	lakmali.d@yahoo.com
88	Salman	Sadiq	male	070-123-4088	salman.s@hotmail.com
89	Himaya	Gunawardana	female	071-123-4089	himaya.g@gmail.com
90	Janith	Kularatne	male	075-123-4090	janith.k@yahoo.com
91	Nadeeka	Bandara	female	077-123-4091	nadeeka.b@gmail.com
92	Rizan	Mowjood	male	076-123-4092	rizan.m@yahoo.com
93	Thakshila	Perera	female	070-123-4093	thakshila.p@hotmail.com
94	Dilan	Jayamaha	male	071-123-4094	dilan.j@gmail.com
95	Anusha	Dissanayaka	female	075-123-4095	anusha.d@yahoo.com
96	Naveen	Wickremasinghe	male	077-123-4096	naveen.w@gmail.com
97	Yamuna	Rajapakse	female	076-123-4097	yamuna.r@yahoo.com
98	Tharaka	Herath	male	070-123-4098	tharaka.h@hotmail.com
99	Shehani	Seneviratne	female	071-123-4099	shehani.s@gmail.com
100	Lahiru	Weerakoon	male	075-123-4100	lahiru.w@yahoo.com
101	Rashmi	Cooray	female	077-123-4101	rashmi.c@gmail.com
102	Ajith	Kumara	male	076-123-4102	ajith.k@yahoo.com
103	Zeenath	Ismail	female	070-123-4103	zeenath.i@hotmail.com
104	Gayan	Rodrigo	male	071-123-4104	gayan.r@gmail.com
105	Shalini	Jeyaraj	female	075-123-4105	shalini.j@yahoo.com
106	Duminda	Pushpakumara	male	077-123-4106	duminda.p@gmail.com
107	Fazna	Mansoor	female	076-123-4107	fazna.m@yahoo.com
108	Upul	Chandrasiri	male	070-123-4108	upul.c@hotmail.com
109	Kishani	Abeysekera	female	071-123-4109	kishani.a@gmail.com
110	Ravi	Kandasamy	male	075-123-4110	ravi.k@yahoo.com
111	Dilini	Vithanage	female	077-123-4111	dilini.v@gmail.com
112	Kamil	Aziz	male	076-123-4112	kamil.a@yahoo.com
113	Achini	Peris	female	070-123-4113	achini.p@hotmail.com
114	Praveen	Mathivanan	male	071-123-4114	praveen.m@gmail.com
115	Saduni	Rajapaksha	female	075-123-4115	saduni.r@yahoo.com
116	Chaminda	Bandara	male	077-123-4116	chaminda.b@gmail.com
117	Malini	Wickremaratne	female	076-123-4117	malini.w@yahoo.com
118	Rifky	Hassan	male	070-123-4118	rifky.h@hotmail.com
119	Nilakshi	Amarasinghe	female	071-123-4119	nilakshi.a@gmail.com
120	Saman	Dissanayake	male	075-123-4120	saman.d@yahoo.com
121	Thushara	Ramanathan	female	077-123-4121	thushara.r@gmail.com
122	Nuwan	Gunasekara	male	076-123-4122	nuwan.g@yahoo.com
123	Farzana	Anwar	female	070-123-4123	farzana.a@hotmail.com
124	Kapila	Senarathne	male	071-123-4124	kapila.s@gmail.com
125	Dhanusha	Pathirana	female	075-123-4125	dhanusha.p@yahoo.com
126	Malik	Zahir	male	077-123-4126	malik.z@gmail.com
127	Sewwandi	Fonseka	female	076-123-4127	sewwandi.f@yahoo.com
128	Ranil	Kumarasiri	male	070-123-4128	ranil.k@hotmail.com
129	Nirosha	De Silva	female	071-123-4129	nirosha.d@gmail.com
130	Thirukumar	Velautham	male	075-123-4130	thiru.v@yahoo.com
131	Amaya	Liyanage	female	077-123-4131	amaya.l@gmail.com
132	Imran	Latiff	male	076-123-4132	imran.l@yahoo.com
133	Hashini	Weerasinghe	female	070-123-4133	hashini.w@hotmail.com
134	Priyantha	Jayasuriya	male	071-123-4134	priyantha.j@gmail.com
135	Shanika	Ranaweera	female	075-123-4135	shanika.r@yahoo.com
136	Ahamed	Fuard	male	077-123-4136	ahamed.f@gmail.com
137	Nimasha	Karunaratne	female	076-123-4137	nimasha.k@yahoo.com
138	Dinesh	Thilakarathne	male	070-123-4138	dinesh.t@hotmail.com
139	Reshani	Fernando	female	071-123-4139	reshani.f@gmail.com
140	Thushan	Nanayakkara	male	075-123-4140	thushan.n@yahoo.com
141	Kavindi	Mayadunne	female	077-123-4141	kavindi.m@gmail.com
142	Sajith	Premadasa	male	076-123-4142	sajith.p@yahoo.com
143	Fathima	Riyas	female	070-123-4143	fathima.r@hotmail.com
144	Dulshan	Perera	male	071-123-4144	dulshan.p@gmail.com
145	Sarala	Weerakoon	female	075-123-4145	sarala.w@yahoo.com
146	Haritha	Wijesekera	male	077-123-4146	haritha.w@gmail.com
147	Samadhi	Rathnayake	female	076-123-4147	samadhi.r@yahoo.com
148	Nawaz	Shariff	male	070-123-4148	nawaz.s@hotmail.com
149	Disni	Gunasekera	female	071-123-4149	disni.g@gmail.com
150	Rajitha	Wickremasinghe	male	075-123-4150	rajitha.w@yahoo.com
151	Tharuka	Dissanayaka	female	077-123-4151	tharuka.d@gmail.com
152	Suresh	Vadivel	male	076-123-4152	suresh.v@yahoo.com
153	Zahara	Mohideen	female	070-123-4153	zahara.m@hotmail.com
154	Udara	Jayawardene	male	071-123-4154	udara.j@gmail.com
155	Rashmika	Bandara	female	075-123-4155	rashmika.b@yahoo.com
156	Isuru	Udayanga	male	077-123-4156	isuru.u@gmail.com
157	Nishadi	Rajapaksa	female	076-123-4157	nishadi.r@yahoo.com
158	Rizwan	Cassim	male	070-123-4158	rizwan.c@hotmail.com
159	Hansika	Hemachandra	female	071-123-4159	hansika.h@gmail.com
160	Pramod	Vithanage	male	075-123-4160	pramod.v@yahoo.com
161	Anushka	Serasinghe	female	077-123-4161	anushka.s@gmail.com
162	Fadhil	Jaffar	male	076-123-4162	fadhil.j@yahoo.com
163	Hiruni	Weerasooriya	female	070-123-4163	hiruni.w@hotmail.com
164	Chathura	Seneviratne	male	071-123-4164	chathura.s@gmail.com
165	Nilmini	Attanayake	female	075-123-4165	nilmini.a@yahoo.com
166	Asif	Hameed	male	077-123-4166	asif.h@gmail.com
167	Dinali	Samaraweera	female	076-123-4167	dinali.s@yahoo.com
168	Rohan	Kuruppu	male	070-123-4168	rohan.k@hotmail.com
169	Nimali	Jayathilaka	female	071-123-4169	nimali.j@gmail.com
170	Selvaraja	Nadarajah	male	075-123-4170	selvaraja.n@yahoo.com
171	Dilki	Amaratunga	female	077-123-4171	dilki.a@gmail.com
172	Raees	Saleem	male	076-123-4172	raees.s@yahoo.com
173	Sachithra	Ranasinghe	female	070-123-4173	sachithra.r@hotmail.com
174	Malinda	De Alwis	male	071-123-4174	malinda.d@gmail.com
175	Nadeesha	Kumarage	female	075-123-4175	nadeesha.k@yahoo.com
176	Indika	Tennakoon	male	077-123-4176	indika.t@gmail.com
177	Eshani	Pathirage	female	076-123-4177	eshani.p@yahoo.com
178	Farook	Majeed	male	070-123-4178	farook.m@hotmail.com
179	Ruwani	Ekanayake	female	071-123-4179	ruwani.e@gmail.com
180	Aravinda	Rathnayaka	male	075-123-4180	aravinda.r@yahoo.com
181	Dilshani	Wijeratne	female	077-123-4181	dilshani.w@gmail.com
182	Kannan	Selvarajah	male	076-123-4182	kannan.s@yahoo.com
183	Sameera	Perera	female	070-123-4183	sameera.p@hotmail.com
184	Hafeez	Rahman	male	071-123-4184	hafeez.r@gmail.com
185	Madhavi	Gunasekara	female	075-123-4185	madhavi.g@yahoo.com
186	Buddhika	Karunaratne	male	077-123-4186	buddhika.k@gmail.com
187	Shamali	De Zoysa	female	076-123-4187	shamali.d@yahoo.com
188	Tharanga	Herath	male	070-123-4188	tharanga.h@hotmail.com
189	Kishani	Weerasinghe	female	071-123-4189	kishani.w@gmail.com
190	Mohamed	Fazil	male	075-123-4190	mohamed.f@yahoo.com
191	Niluka	Jayamanna	female	077-123-4191	niluka.j@gmail.com
192	Yasas	Ratnayake	male	076-123-4192	yasas.r@yahoo.com
193	Amali	Wickremasinghe	female	070-123-4193	amali.w@hotmail.com
194	Rajitha	Dissanayake	male	071-123-4194	rajitha.d@gmail.com
195	Shanika	Fernando	female	075-123-4195	shanika.f@yahoo.com
196	Uvais	Careem	male	077-123-4196	uvais.c@gmail.com
197	Taniya	Samaranayake	female	076-123-4197	taniya.s@yahoo.com
198	Gihan	Mendis	male	070-123-4198	gihan.m@hotmail.com
199	Nirmala	Bandara	female	071-123-4199	nirmala.b@gmail.com
200	Sivakumar	Rajendran	male	075-123-4200	sivakumar.r@yahoo.com
201	Thilini	Amarasekara	female	077-123-4201	thilini.a@gmail.com
202	Azhar	Hamid	male	076-123-4202	azhar.h@yahoo.com
203	Chathuri	Liyanage	female	070-123-4203	chathuri.l@hotmail.com
204	Dinuka	Abeywickrama	male	071-123-4204	dinuka.a@gmail.com
205	Manel	Fonseka	female	075-123-4205	manel.f@yahoo.com
206	Chanaka	Gunawardana	male	077-123-4206	chanaka.g@gmail.com
207	Dilrukshi	Silva	female	076-123-4207	dilrukshi.s@yahoo.com
208	Irfan	Jabir	male	070-123-4208	irfan.j@hotmail.com
209	Sewwandi	Kodikara	female	071-123-4209	sewwandi.k@gmail.com
210	Lakshan	Seneviratne	male	075-123-4210	lakshan.s@yahoo.com
211	Waruni	Rajapakse	female	077-123-4211	waruni.r@gmail.com
212	Ajantha	Mendis	male	076-123-4212	ajantha.m@yahoo.com
213	Fathima	Rasheed	female	070-123-4213	fathima.ra@hotmail.com
214	Dimuth	Jayasekara	male	071-123-4214	dimuth.j@gmail.com
215	Chathurika	Peris	female	075-123-4215	chathurika.p@yahoo.com
216	Murali	Pushpakumara	male	077-123-4216	murali.p@gmail.com
217	Wasana	Jayawardena	female	076-123-4217	wasana.j@yahoo.com
218	Altaf	Nazeer	male	070-123-4218	altaf.n@hotmail.com
219	Himashi	Wijethunga	female	071-123-4219	himashi.w@gmail.com
220	Rangana	De Silva	male	075-123-4220	rangana.d@yahoo.com
221	Sharmila	Thevakumar	female	077-123-4221	sharmila.t@gmail.com
222	Nuwan	Kulasekara	male	076-123-4222	nuwan.k@yahoo.com
223	Sabrina	Imran	female	070-123-4223	sabrina.i@hotmail.com
224	Lahiru	Thirimanne	male	071-123-4224	lahiru.t@gmail.com
225	Dilhani	Gunaratne	female	075-123-4225	dilhani.g@yahoo.com
226	Rizwan	Mohamed	male	077-123-4226	rizwan.m@gmail.com
227	Nethmi	Weerakoon	female	076-123-4227	nethmi.w@yahoo.com
228	Asela	Pathirana	male	070-123-4228	asela.p@hotmail.com
229	Dulani	Senanayake	female	071-123-4229	dulani.s@gmail.com
230	Rajiv	Premnath	male	075-123-4230	rajiv.p@yahoo.com
231	Sanduni	Dissanayake	female	077-123-4231	sanduni.d@gmail.com
232	Hamza	Riyas	male	076-123-4232	hamza.r@yahoo.com
233	Chamodi	Ranatunga	female	070-123-4233	chamodi.r@hotmail.com
234	Kavinda	Amarasiri	male	071-123-4234	kavinda.a@gmail.com
235	Nimesha	Wickremaratne	female	075-123-4235	nimesha.w@yahoo.com
236	Thisara	Gunasekera	male	077-123-4236	thisara.g@gmail.com
237	Ishara	Karunanayake	female	076-123-4237	ishara.k@yahoo.com
238	Jabir	Hussain	male	070-123-4238	jabir.h@hotmail.com
239	Sachini	Jayasinghe	female	071-123-4239	sachini.j@gmail.com
240	Pradeep	Kumara	male	075-123-4240	pradeep.k@yahoo.com
241	Dilshani	Alahakoon	female	077-123-4241	dilshani.a@gmail.com
242	Sathish	Muralitharan	male	076-123-4242	sathish.m@yahoo.com
243	Amara	Vithanage	female	070-123-4243	amara.v@hotmail.com
244	Naweed	Anwar	male	071-123-4244	naweed.a@gmail.com
245	Kumari	Bandara	female	075-123-4245	kumari.b@yahoo.com
246	Dhanush	Rajendran	male	077-123-4246	dhanush.r@gmail.com
247	Malsha	Weeraratne	female	076-123-4247	malsha.w@yahoo.com
248	Nasir	Jamal	male	070-123-4248	nasir.j@hotmail.com
249	Thilini	Perera	female	071-123-4249	thilini.p@gmail.com
250	Kasun	Dharmasena	male	075-123-4250	kasun.d@yahoo.com
251	Nadika	Fernando	female	077-123-4251	nadika.f@gmail.com
252	Ravindu	Silva	male	076-123-4252	ravindu.s@yahoo.com
253	Safra	Mazahim	female	070-123-4253	safra.m@hotmail.com
254	Tharindu	Bandara	male	071-123-4254	tharindu.b@gmail.com
255	Reshmi	Gunasekara	female	075-123-4255	reshmi.g@yahoo.com
256	Abdul	Raheem	male	077-123-4256	abdul.r@gmail.com
257	Nayomi	Wickremasinghe	female	076-123-4257	nayomi.w@yahoo.com
258	Vikram	Chandran	male	070-123-4258	vikram.c@hotmail.com
259	Damayanthi	Samaraweera	female	071-123-4259	damayanthi.s@gmail.com
260	Shehan	Peris	male	075-123-4260	shehan.p@yahoo.com
261	Nilushi	Rathnayake	female	077-123-4261	nilushi.r@gmail.com
262	Fazal	Mohammed	male	076-123-4262	fazal.m@yahoo.com
263	Hashini	Dissanayake	female	070-123-4263	hashini.d@hotmail.com
264	Ruwan	Jayawardene	male	071-123-4264	ruwan.j@gmail.com
265	Shalini	Kulatunga	female	075-123-4265	shalini.k@yahoo.com
266	Manoj	Fonseka	male	077-123-4266	manoj.f@gmail.com
267	Udeshika	Jayasinghe	female	076-123-4267	udeshika.j@yahoo.com
268	Rifkhan	Ismail	male	070-123-4268	rifkhan.i@hotmail.com
269	Dinusha	Herath	female	071-123-4269	dinusha.h@gmail.com
270	Gayan	Weerasekara	male	075-123-4270	gayan.w@yahoo.com
271	Pavithra	Amarasinghe	female	077-123-4271	pavithra.a@gmail.com
272	Senthil	Kumar	male	076-123-4272	senthil.k@yahoo.com
273	Nishadi	Seneviratne	female	070-123-4273	nishadi.s@hotmail.com
274	Asif	Riaz	male	071-123-4274	asif.r@gmail.com
275	Gayani	Ratnayaka	female	075-123-4275	gayani.r@yahoo.com
276	Charith	Nanayakkara	male	077-123-4276	charith.n@gmail.com
277	Madhuri	Thilakarathne	female	076-123-4277	madhuri.t@yahoo.com
278	Fahim	Farook	male	070-123-4278	fahim.f@hotmail.com
279	Sandali	Wijesinghe	female	071-123-4279	sandali.w@gmail.com
280	Kalana	De Mel	male	075-123-4280	kalana.d@yahoo.com
281	Sanjeewa	Ranatunga	male	077-123-4281	sanjeewa.r@gmail.com
282	Nishantha	Gunawardena	male	076-123-4282	nishantha.g@yahoo.com
283	Amara	Singhabahu	female	070-123-4283	amara.s@hotmail.com
284	Yasith	Gamage	male	071-123-4284	yasith.g@gmail.com
285	Dilini	Chandrasiri	female	075-123-4285	dilini.c@yahoo.com
286	Hassan	Nawaz	male	077-123-4286	hassan.n@gmail.com
287	Uthpala	Senarathna	female	076-123-4287	uthpala.s@yahoo.com
288	Roshan	Dassanayake	male	070-123-4288	roshan.d@hotmail.com
289	Tharanga	Vithanage	female	071-123-4289	tharanga.v@gmail.com
290	Ramesh	Pathmanathan	male	075-123-4290	ramesh.p@yahoo.com
291	Shalika	Weerasinghe	female	077-123-4291	shalika.w@gmail.com
292	Azeem	Akbar	male	076-123-4292	azeem.a@yahoo.com
293	Upeksha	Suraweera	female	070-123-4293	upeksha.s@hotmail.com
294	Nalaka	Illangakoon	male	071-123-4294	nalaka.i@gmail.com
295	Jeewanthi	Peris	female	075-123-4295	jeewanthi.p@yahoo.com
296	Ahamed	Saheed	male	077-123-4296	ahamed.s@gmail.com
297	Manoja	Weligama	female	076-123-4297	manoja.w@yahoo.com
298	Suranga	Herath	male	070-123-4298	suranga.h@hotmail.com
299	Roshini	Rajapakse	female	071-123-4299	roshini.r@gmail.com
300	Kumar	Sangakkara	male	075-123-4300	kumar.s@yahoo.com
301	Dilshani	Karunathilaka	female	077-123-4301	dilshani.k@gmail.com
302	Rizwan	Musthafa	male	076-123-4302	rizwan.m@yahoo.com
303	Nilmini	Bandara	female	070-123-4303	nilmini.b@hotmail.com
304	Dhananjaya	Silva	male	071-123-4304	dhananjaya.s@gmail.com
305	Kishani	Jayaratne	female	075-123-4305	kishani.j@yahoo.com
306	Fazil	Markar	male	077-123-4306	fazil.m@gmail.com
307	Anuradha	Cooray	female	076-123-4307	anuradha.c@yahoo.com
308	Buddhika	Pathirana	male	070-123-4308	buddhika.p@hotmail.com
309	Samadhi	Abeysekara	female	071-123-4309	samadhi.a@gmail.com
310	Thilina	Kandamby	male	075-123-4310	thilina.k@yahoo.com
311	Madushi	Kariyawasam	female	077-123-4311	madushi.k@gmail.com
312	Raees	Hameed	male	076-123-4312	raees.h@yahoo.com
313	Chaminda	Vaas	male	077-123-4313	chaminda.v@gmail.com
314	Hiruni	Mallawarachchi	female	076-123-4314	hiruni.m@yahoo.com
315	Mohamed	Fareed	male	070-123-4315	mohamed.f@hotmail.com
316	Ishanka	Samaranayake	female	071-123-4316	ishanka.s@gmail.com
317	Ravindra	Pushpakumara	male	075-123-4317	ravindra.p@yahoo.com
318	Nethmi	Karunarathna	female	077-123-4318	nethmi.k@gmail.com
319	Sivakumar	Ramanathan	male	076-123-4319	sivakumar.r@yahoo.com
320	Dilhara	Seneviratne	female	070-123-4320	dilhara.s@hotmail.com
321	Raheem	Azeez	male	071-123-4321	raheem.a@gmail.com
322	Sachini	Dewasurendra	female	075-123-4322	sachini.d@yahoo.com
323	Lasith	Gunathilaka	male	077-123-4323	lasith.g@gmail.com
324	Thushari	Weerasekera	female	076-123-4324	thushari.w@yahoo.com
325	Irfan	Hussain	male	070-123-4325	irfan.h@hotmail.com
326	Vindya	Wickremasinghe	female	071-123-4326	vindya.w@gmail.com
327	Ajith	Bandara	male	075-123-4327	ajith.b@yahoo.com
328	Hansani	Yapa	female	077-123-4328	hansani.y@gmail.com
329	Nadun	Premaratne	male	076-123-4329	nadun.p@yahoo.com
330	Fazana	Zahir	female	070-123-4330	fazana.z@hotmail.com
331	Dimuthu	Karunaratne	male	071-123-4331	dimuthu.k@gmail.com
332	Ashani	Jayawardena	female	075-123-4332	ashani.j@yahoo.com
333	Nuwan	Zoysa	male	077-123-4333	nuwan.z@gmail.com
334	Nilmini	Ramanayake	female	076-123-4334	nilmini.r@yahoo.com
335	Imtiaz	Bakeer	male	070-123-4335	imtiaz.b@hotmail.com
336	Savini	Balasuriya	female	071-123-4336	savini.b@gmail.com
337	Dinesh	Chandimal	male	075-123-4337	dinesh.c@yahoo.com
338	Tharaka	Samaraweera	male	077-123-4338	tharaka.s@gmail.com
339	Dilhani	Jayamaha	female	076-123-4339	dilhani.j@yahoo.com
340	Riyas	Hamza	male	070-123-4340	riyas.h@hotmail.com
341	Nimalka	Fernando	female	071-123-4341	nimalka.f@gmail.com
342	Heshan	Nanayakkara	male	075-123-4342	heshan.n@yahoo.com
343	Kumudini	Wickramaratne	female	077-123-4343	kumudini.w@gmail.com
344	Thushara	Kodikara	male	076-123-4344	thushara.k@yahoo.com
345	Fathima	Nizam	female	070-123-4345	fathima.n@hotmail.com
346	Lahiru	Gamage	male	071-123-4346	lahiru.g@gmail.com
347	Nelum	Perera	female	075-123-4347	nelum.p@yahoo.com
348	Rasika	Dissanayake	male	077-123-4348	rasika.d@gmail.com
349	Subhashini	Ratnayake	female	076-123-4349	subhashini.r@yahoo.com
350	Azam	Mohideen	male	070-123-4350	azam.m@hotmail.com
351	Chathurika	Bandara	female	071-123-4351	chathurika.b@gmail.com
352	Prasanna	Vithanage	male	075-123-4352	prasanna.v@yahoo.com
353	Diluki	Amarasekara	female	077-123-4353	diluki.a@gmail.com
354	Naveen	Gunaratne	male	076-123-4354	naveen.g@yahoo.com
355	Chamari	Seneviratne	female	070-123-4355	chamari.s@hotmail.com
356	Malik	Samad	male	071-123-4356	malik.s@gmail.com
357	Sachini	Rajapakse	female	075-123-4357	sachini.r@yahoo.com
358	Dhanuka	Pathirana	male	077-123-4358	dhanuka.p@gmail.com
359	Nishani	Weerakoon	female	076-123-4359	nishani.w@yahoo.com
360	Salman	Rahuman	male	070-123-4360	salman.r@hotmail.com
361	Anusha	Wijesekara	female	071-123-4361	anusha.w@gmail.com
362	Kavinda	Silva	male	075-123-4362	kavinda.s@yahoo.com
363	Asela	Jayasinghe	male	077-123-4363	asela.j@gmail.com
364	Nimali	Peris	female	076-123-4364	nimali.p@yahoo.com
365	Rifky	Nizam	male	070-123-4365	rifky.n@hotmail.com
366	Dayani	Liyanage	female	071-123-4366	dayani.l@gmail.com
367	Priyantha	Gunasekera	male	075-123-4367	priyantha.g@yahoo.com
368	Nadeeka	Ranaweera	female	077-123-4368	nadeeka.r@gmail.com
369	Viraj	Kariyawasam	male	076-123-4369	viraj.k@yahoo.com
370	Zainab	Cader	female	070-123-4370	zainab.c@hotmail.com
371	Mahesh	Kumarasiri	male	071-123-4371	mahesh.k@gmail.com
372	Shanika	Peiris	female	075-123-4372	shanika.p@yahoo.com
373	Amjad	Hakeem	male	077-123-4373	amjad.h@hotmail.com
374	Dulanjali	Mendis	female	076-123-4374	dulanjali.m@gmail.com
375	Thisara	Weerasekara	male	070-123-4375	thisara.w@yahoo.com
376	Renuka	Abeysekera	female	071-123-4376	renuka.a@hotmail.com
377	Athula	Samarakkody	male	075-123-4377	athula.s@gmail.com
378	Samadhi	Gunawardana	female	077-123-4378	samadhi.g@yahoo.com
379	Farook	Latiff	male	076-123-4379	farook.l@hotmail.com
380	Nadini	Rajapaksa	female	070-123-4380	nadini.r@gmail.com
381	Sisira	Kumara	male	071-123-4381	sisira.k@yahoo.com
382	Thushani	De Silva	female	075-123-4382	thushani.d@hotmail.com
383	Rahul	Chandrasekara	male	077-123-4383	rahul.c@gmail.com
384	Pavithra	Hettige	female	076-123-4384	pavithra.h@yahoo.com
385	Najib	Moulana	male	070-123-4385	najib.m@hotmail.com
386	Ishara	Jayatilleke	female	071-123-4386	ishara.j@gmail.com
387	Upali	Dharmasena	male	075-123-4387	upali.d@yahoo.com
388	Malsha	Thilakaratne	female	077-123-4388	malsha.t@hotmail.com
389	Jaliya	Senanayake	male	076-123-4389	jaliya.s@gmail.com
390	Dilini	Ranasinghe	female	070-123-4390	dilini.r@yahoo.com
391	Asad	Fuard	male	071-123-4391	asad.f@hotmail.com
392	Mihiri	Wanigaratne	female	075-123-4392	mihiri.w@gmail.com
393	Prasad	Karunatilaka	male	077-123-4393	prasad.k@gmail.com
394	Sharmila	Wickremesinghe	female	076-123-4394	sharmila.w@yahoo.com
395	Anwar	Hazeem	male	070-123-4395	anwar.h@hotmail.com
396	Nilanthi	Amarakoon	female	071-123-4396	nilanthi.a@gmail.com
397	Buddhika	Ramanayake	male	075-123-4397	buddhika.r@yahoo.com
398	Kosala	Wijeratne	male	077-123-4398	kosala.w@gmail.com
399	Ruwani	Hettiarachchi	female	076-123-4399	ruwani.h@yahoo.com
400	Shiraz	Jaffer	male	070-123-4400	shiraz.j@hotmail.com
401	Thilini	Rathnayaka	female	071-123-4401	thilini.r@gmail.com
402	Lakmal	Edirisinghe	male	075-123-4402	lakmal.e@yahoo.com
403	Anuradha	Jayakody	female	077-123-4403	anuradha.j@hotmail.com
404	Rajitha	Senaratne	male	076-123-4404	rajitha.s@gmail.com
405	Yashodha	Gamage	female	070-123-4405	yashodha.g@yahoo.com
406	Ibrahim	Saleem	male	071-123-4406	ibrahim.s@hotmail.com
407	Malkanthi	Perera	female	075-123-4407	malkanthi.p@gmail.com
408	Kapila	Wickremarachchi	male	077-123-4408	kapila.w@yahoo.com
409	Dilshani	Dissanayaka	female	076-123-4409	dilshani.d@hotmail.com
410	Krishan	Nanayakkara	male	070-123-4410	krishan.n@gmail.com
411	Shehara	Bandara	female	071-123-4411	shehara.b@yahoo.com
412	Azmath	Cassim	male	075-123-4412	azmath.c@hotmail.com
413	Niluka	Herath	female	077-123-4413	niluka.h@gmail.com
414	Chamara	Weerasinghe	male	076-123-4414	chamara.w@yahoo.com
415	Iresha	Gunawardena	female	070-123-4415	iresha.g@hotmail.com
416	Murad	Ismail	male	071-123-4416	murad.i@gmail.com
417	Deepika	Amaratunga	female	075-123-4417	deepika.a@yahoo.com
418	Sameera	Karunaratne	male	077-123-4418	sameera.k@hotmail.com
419	Niroshani	Silva	female	076-123-4419	niroshani.s@gmail.com
420	Faizal	Abdeen	male	070-123-4420	faizal.a@yahoo.com
421	Manori	Fonseka	female	071-123-4421	manori.f@hotmail.com
422	Udaya	Rajapakse	male	075-123-4422	udaya.r@gmail.com
423	Sumudu	Tennakoon	female	077-123-4423	sumudu.t@yahoo.com
424	Imran	Nazeer	male	076-123-4424	imran.n@hotmail.com
425	Tharini	Samarawickrama	female	070-123-4425	tharini.s@gmail.com
426	Lalith	Jayamanna	male	071-123-4426	lalith.j@yahoo.com
427	Wasana	Liyanage	female	075-123-4427	wasana.l@hotmail.com
428	Dinuka	Mallawarachchi	male	077-123-4428	dinuka.m@gmail.com
429	Achini	Ratnayake	female	076-123-4429	achini.r@yahoo.com
430	Razik	Ahamed	male	070-123-4430	razik.a@hotmail.com
431	Shanika	Weerasooriya	female	071-123-4431	shanika.w@gmail.com
432	Hasitha	Peris	male	075-123-4432	hasitha.p@yahoo.com
433	Dilrukshi	Seneviratne	female	077-123-4433	dilrukshi.s@hotmail.com
434	Nabil	Hussain	male	076-123-4434	nabil.h@gmail.com
435	Imalka	Jayasinghe	female	070-123-4435	imalka.j@yahoo.com
436	Ruwan	Dharmapala	male	071-123-4436	ruwan.d@hotmail.com
437	Chathurika	Fernando	female	075-123-4437	chathurika.f@gmail.com
438	Malik	Rasheed	male	077-123-4438	malik.r@yahoo.com
439	Nadeesha	Wickremasinghe	female	076-123-4439	nadeesha.w@hotmail.com
440	Chandima	Vithanage	male	070-123-4440	chandima.v@gmail.com
441	Sewwandi	Gunathilaka	female	071-123-4441	sewwandi.g@yahoo.com
442	Afzal	Muzammil	male	075-123-4442	afzal.m@hotmail.com
443	Thushari	Bandara	female	077-123-4443	thushari.b@gmail.com
444	Kasun	Rathnayaka	male	076-123-4444	kasun.r@yahoo.com
445	Nethmi	De Silva	female	070-123-4445	nethmi.d@hotmail.com
446	Safran	Carder	male	071-123-4446	safran.c@gmail.com
447	Priyanka	Kulathunga	female	075-123-4447	priyanka.k@yahoo.com
448	Chaminda	Wijesekara	male	077-123-4448	chaminda.w@hotmail.com
449	Sachini	Amarasekara	female	076-123-4449	sachini.a@gmail.com
450	Irfan	Majeed	male	070-123-4450	irfan.m@yahoo.com
451	Anushka	Rajapaksha	female	071-123-4451	anushka.r@hotmail.com
452	Charith	Senanayake	male	075-123-4452	charith.s@gmail.com
453	Dilini	Ranatunga	female	077-123-4453	dilini.r@yahoo.com
454	Fazir	Deen	male	076-123-4454	fazir.d@hotmail.com
455	Nilmini	Gunawardana	female	070-123-4455	nilmini.g@gmail.com
456	Asanka	Perera	male	071-123-4456	asanka.p@yahoo.com
457	Dishani	Withana	female	075-123-4457	dishani.w@hotmail.com
458	Shamila	Fernando	female	076-123-4459	shamila.f@yahoo.com
459	Rizan	Hameed	male	070-123-4460	rizan.h@hotmail.com
460	Dulani	Rajapakse	female	071-123-4461	dulani.r@gmail.com
461	Nuwan	Bandara	male	075-123-4462	nuwan.b@yahoo.com
462	Thilini	Wickremasinghe	female	077-123-4463	thilini.w@hotmail.com
463	Imran	Malik	male	076-123-4464	imran.m@gmail.com
464	Sachini	Peris	female	070-123-4465	sachini.p@yahoo.com
465	Kasun	Jayawardena	male	071-123-4466	kasun.j@hotmail.com
466	Nayomi	Kumari	female	071-123-4471	nayomi.k@yahoo.com
467	Faizal	Cassim	male	075-123-4472	faizal.c@hotmail.com
468	Nimali	Rathnayake	female	077-123-4473	nimali.r@gmail.com
469	Chamara	De Silva	male	076-123-4474	chamara.d@yahoo.com
470	Amali	Gunasekara	female	070-123-4475	amali.g@hotmail.com
471	Rizwan	Mohamed	male	071-123-4476	rizwan.m@gmail.com
472	Ishara	Karunaratne	female	075-123-4477	ishara.k@yahoo.com
473	Saman	Pathirana	male	077-123-4478	saman.p@hotmail.com
474	Diluki	Herath	female	076-123-4479	diluki.h@gmail.com
475	Naveen	Weerasinghe	male	070-123-4480	naveen.w@yahoo.com
476	John	Doe	male	077-555-9999	john@email.com
477	Jane	Doe	female	077-555-8888	jane@email.com
478	Dinithi	Perera	female	077-555-8999	Dini@email.com
479	Sasindi	Perera	female	077-555-7999	sasi@email.com
\.


--
-- TOC entry 4941 (class 0 OID 41122)
-- Dependencies: 222
-- Data for Name: employee; Type: TABLE DATA; Schema: public; Owner: postgres
--

COPY public.employee (id, first_name, last_name, gender, phone_number, email, role, current_status, hire_date) FROM stdin;
3	Shamila	Wickremasinghe	female	077-555-1003	shamila.w@salon.com	Senior Beautician	available	2024-02-10
4	Samanthi	De Silva	female	077-555-1004	samanthi.d@salon.com	Senior Nail Technician	available	2024-02-25
5	Ishara	Pathirana	female	077-555-1005	ishara.p@salon.com	Salon Manager	available	2024-01-01
6	Ramesh	Silva	male	077-555-1006	ramesh.s@salon.com	Hair Stylist	available	2024-03-01
7	Dilini	Bandara	female	077-555-1007	dilini.b@salon.com	Hair Stylist	available	2024-03-15
8	Fathima	Haniff	female	077-555-1008	fathima.h@salon.com	Beautician	available	2024-03-20
10	Priyanka	Withana	female	077-555-1010	priyanka.w@salon.com	Beautician	available	2024-04-18
12	Nilmini	Rajapakse	female	077-555-1012	nilmini.r@salon.com	Hair Stylist	available	2024-05-01
13	Roshini	Peris	female	077-555-1013	roshini.p@salon.com	Beautician	available	2024-05-15
14	Deepika	Seneviratne	female	077-555-1014	deepika.s@salon.com	Senior Massage Therapist	available	2024-06-01
15	Chamara	Dissanayake	male	077-555-1015	chamara.d@salon.com	Hair Stylist	available	2024-06-10
16	Dilshani	Karunaratne	female	077-555-1016	dilshani.k@salon.com	Beautician	available	2024-07-01
18	Priyantha	Fernando	male	077-555-1018	priyantha.f@salon.com	Senior Hair Stylist	available	2024-07-24
19	Thushari	Mendis	female	077-555-1019	thushari.m@salon.com	Beautician	available	2024-07-25
20	Wasana	Jayasinghe	female	077-555-1020	wasana.j@salon.com	Nail Technician	available	2024-08-16
21	Kapila	Herath	male	077-555-1021	kapila.h@salon.com	Massage Therapist	available	2024-08-17
22	Nimal	Perera	male	077-555-1022	nimal.p@salon.com	Receptionist	available	2024-08-18
17	Niluka	Rathnayake	female	077-555-1017	niluka.r@salon.com	Nail Technician	available	2024-07-10
11	Iresha	Gunawardena	female	077-555-1011	iresha.g@salon.com	Nail Technician	available	2024-04-20
2	Malik	Perera	male	077-555-1002	malik.p@salon.com	Senior Hair Stylist	available	2024-02-01
9	Tharanga	Gunasekara	male	077-555-1009	tharanga.g@salon.com	Hair Stylist	off_duty	2024-04-15
1	Kumari	Senanayake	female	077-555-1001	kumari.s@salon.com	Senior Hair Stylist	available	2024-01-15
\.


--
-- TOC entry 4945 (class 0 OID 41151)
-- Dependencies: 226
-- Data for Name: employee_service; Type: TABLE DATA; Schema: public; Owner: postgres
--

COPY public.employee_service (id, employee_id, service_id) FROM stdin;
1	1	1
2	2	1
3	3	3
4	4	4
5	4	5
6	3	7
7	5	10
8	1	13
9	1	15
10	1	17
11	1	18
12	1	19
13	1	21
14	1	22
15	2	12
16	2	16
17	2	23
18	6	1
19	6	2
20	7	1
21	7	2
22	8	7
23	7	17
24	7	18
25	9	1
26	9	14
27	9	16
28	9	20
29	10	4
30	10	5
32	11	7
33	11	10
34	12	1
35	12	15
36	12	17
37	12	19
38	12	21
39	13	3
40	13	7
41	13	10
42	14	6
43	14	8
44	14	9
45	14	11
46	15	1
47	15	14
48	15	16
49	15	20
51	17	5
52	17	22
53	18	1
54	18	12
55	18	23
56	19	7
57	19	10
58	20	4
59	20	5
60	21	6
61	21	8
62	21	9
63	21	11
69	18	3
73	11	3
74	11	4
\.


--
-- TOC entry 4947 (class 0 OID 41252)
-- Dependencies: 228
-- Data for Name: payment; Type: TABLE DATA; Schema: public; Owner: postgres
--

COPY public.payment (id, appointment_id, amount, payment_date, payment_time, status) FROM stdin;
1	1	2000.00	2024-09-01	10:30:00	COMPLETED
2	2	5000.00	2024-09-01	11:30:00	COMPLETED
3	3	800.00	2024-09-01	10:45:00	COMPLETED
4	4	1800.00	2024-09-01	11:30:00	COMPLETED
5	5	2500.00	2024-09-01	11:40:00	COMPLETED
6	6	4000.00	2024-09-01	12:30:00	COMPLETED
7	7	2000.00	2024-09-01	12:30:00	COMPLETED
9	9	1800.00	2024-09-01	13:00:00	COMPLETED
10	10	800.00	2024-09-01	13:15:00	COMPLETED
11	11	1500.00	2024-09-01	13:50:00	COMPLETED
12	12	1500.00	2024-09-01	14:20:00	COMPLETED
13	13	4000.00	2024-09-01	15:00:00	COMPLETED
14	14	3500.00	2024-09-01	15:15:00	COMPLETED
15	15	2000.00	2024-09-01	15:45:00	COMPLETED
17	17	1800.00	2024-09-01	16:00:00	COMPLETED
18	18	6000.00	2024-09-01	17:30:00	COMPLETED
19	19	2000.00	2024-09-02	09:30:00	COMPLETED
20	20	800.00	2024-09-02	09:15:00	COMPLETED
21	21	1800.00	2024-09-02	09:30:00	COMPLETED
22	22	4000.00	2024-09-02	10:00:00	COMPLETED
23	23	2000.00	2024-09-02	10:00:00	COMPLETED
24	24	5000.00	2024-09-02	11:15:00	COMPLETED
25	25	3500.00	2024-09-02	10:45:00	COMPLETED
26	26	2000.00	2024-09-02	10:45:00	COMPLETED
27	27	6000.00	2024-09-02	12:00:00	COMPLETED
28	28	3500.00	2024-09-02	11:15:00	COMPLETED
29	29	1500.00	2024-09-02	11:20:00	COMPLETED
30	30	1500.00	2024-09-02	11:20:00	COMPLETED
31	31	1800.00	2024-09-02	12:00:00	COMPLETED
32	32	2000.00	2024-09-02	12:30:00	COMPLETED
33	33	1800.00	2024-09-02	13:00:00	COMPLETED
34	34	800.00	2024-09-02	13:45:00	COMPLETED
35	35	2500.00	2024-09-02	14:10:00	COMPLETED
36	36	4000.00	2024-09-02	14:30:00	COMPLETED
37	37	2000.00	2024-09-02	14:30:00	COMPLETED
38	38	2000.00	2024-09-02	14:30:00	COMPLETED
39	39	2000.00	2024-09-02	15:00:00	COMPLETED
40	40	3000.00	2024-09-02	15:15:00	COMPLETED
41	41	2000.00	2024-09-02	15:30:00	COMPLETED
42	42	3500.00	2024-09-02	15:45:00	COMPLETED
43	43	5000.00	2024-09-02	16:15:00	COMPLETED
44	44	3500.00	2024-09-02	16:15:00	COMPLETED
45	45	2000.00	2024-09-02	16:15:00	COMPLETED
46	46	1800.00	2024-09-02	16:30:00	COMPLETED
47	47	2000.00	2024-09-03	09:30:00	COMPLETED
48	48	800.00	2024-09-03	09:15:00	COMPLETED
49	49	1800.00	2024-09-03	09:30:00	COMPLETED
50	50	4000.00	2024-09-03	10:00:00	COMPLETED
51	51	1500.00	2024-09-03	09:50:00	COMPLETED
52	52	3500.00	2024-09-03	10:30:00	COMPLETED
53	53	2000.00	2024-09-03	10:45:00	COMPLETED
54	54	2000.00	2024-09-03	10:45:00	COMPLETED
55	55	6000.00	2024-09-03	12:00:00	COMPLETED
56	56	3500.00	2024-09-03	11:30:00	COMPLETED
57	57	5000.00	2024-09-03	12:30:00	COMPLETED
59	59	1800.00	2024-09-03	12:00:00	COMPLETED
60	60	1500.00	2024-09-03	12:05:00	COMPLETED
61	61	1800.00	2024-09-03	12:30:00	COMPLETED
8	8	2000.00	2024-09-01	12:00:00	CANCELLED
16	16	2000.00	2024-09-01	15:30:00	CANCELLED
58	58	2000.00	2024-09-03	11:15:00	CANCELLED
62	62	2000.00	2024-09-03	13:30:00	COMPLETED
63	63	800.00	2024-09-03	13:15:00	COMPLETED
64	64	4000.00	2024-09-03	14:30:00	COMPLETED
65	65	5000.00	2024-09-03	14:45:00	COMPLETED
66	66	2000.00	2024-09-03	14:45:00	COMPLETED
67	67	2000.00	2024-09-03	15:15:00	COMPLETED
68	68	2500.00	2024-09-03	15:25:00	COMPLETED
69	69	3000.00	2024-09-03	15:45:00	COMPLETED
70	70	2000.00	2024-09-03	15:45:00	COMPLETED
71	71	3500.00	2024-09-03	16:15:00	COMPLETED
72	72	2000.00	2024-09-03	16:15:00	COMPLETED
73	73	1800.00	2024-09-03	16:30:00	COMPLETED
74	74	2000.00	2024-09-04	09:30:00	COMPLETED
75	75	800.00	2024-09-04	09:15:00	COMPLETED
76	76	1800.00	2024-09-04	09:30:00	COMPLETED
77	77	4000.00	2024-09-04	10:15:00	COMPLETED
78	78	2000.00	2024-09-04	10:00:00	COMPLETED
79	79	3500.00	2024-09-04	10:30:00	COMPLETED
80	80	2000.00	2024-09-04	10:45:00	COMPLETED
81	81	1500.00	2024-09-04	10:35:00	COMPLETED
82	82	6000.00	2024-09-04	12:15:00	COMPLETED
83	83	3500.00	2024-09-04	11:45:00	COMPLETED
84	84	5000.00	2024-09-04	12:45:00	COMPLETED
85	85	1800.00	2024-09-04	12:00:00	COMPLETED
86	86	2000.00	2024-09-04	12:30:00	COMPLETED
87	87	1800.00	2024-09-04	13:00:00	COMPLETED
88	88	1500.00	2024-09-04	13:05:00	COMPLETED
89	89	800.00	2024-09-04	13:45:00	COMPLETED
90	90	2500.00	2024-09-04	14:25:00	COMPLETED
91	91	4000.00	2024-09-04	15:00:00	COMPLETED
92	92	5000.00	2024-09-04	15:15:00	COMPLETED
93	93	2000.00	2024-09-04	15:00:00	COMPLETED
94	94	2000.00	2024-09-04	15:30:00	COMPLETED
95	95	3000.00	2024-09-04	15:45:00	COMPLETED
96	96	2000.00	2024-09-04	15:45:00	COMPLETED
97	97	3500.00	2024-09-04	16:15:00	COMPLETED
98	98	2000.00	2024-09-04	16:15:00	COMPLETED
99	99	1800.00	2024-09-04	16:30:00	COMPLETED
100	100	3500.00	2024-09-04	17:00:00	COMPLETED
101	101	2000.00	2024-09-05	09:30:00	COMPLETED
102	102	800.00	2024-09-05	09:15:00	COMPLETED
103	103	1800.00	2024-09-05	09:30:00	COMPLETED
104	104	4000.00	2024-09-05	10:00:00	COMPLETED
105	105	2000.00	2024-09-05	10:00:00	COMPLETED
106	106	3500.00	2024-09-05	10:45:00	COMPLETED
107	107	2000.00	2024-09-05	10:45:00	COMPLETED
108	108	1500.00	2024-09-05	10:35:00	COMPLETED
109	109	6000.00	2024-09-05	12:00:00	COMPLETED
110	110	3500.00	2024-09-05	11:30:00	COMPLETED
111	111	5000.00	2024-09-05	12:30:00	COMPLETED
112	112	1800.00	2024-09-05	11:45:00	COMPLETED
113	113	1500.00	2024-09-05	11:50:00	COMPLETED
114	114	1800.00	2024-09-05	12:30:00	COMPLETED
115	115	2000.00	2024-09-05	13:00:00	COMPLETED
116	116	800.00	2024-09-05	13:15:00	COMPLETED
117	117	2500.00	2024-09-05	13:40:00	COMPLETED
118	118	4000.00	2024-09-05	14:30:00	COMPLETED
119	119	5000.00	2024-09-05	14:45:00	COMPLETED
120	120	2000.00	2024-09-05	14:30:00	COMPLETED
121	121	2000.00	2024-09-05	15:00:00	COMPLETED
122	122	3000.00	2024-09-05	15:15:00	COMPLETED
123	123	2000.00	2024-09-05	15:15:00	COMPLETED
124	124	3500.00	2024-09-05	16:00:00	COMPLETED
125	125	2000.00	2024-09-05	16:00:00	COMPLETED
126	126	1800.00	2024-09-05	16:15:00	COMPLETED
127	127	3500.00	2024-09-05	16:45:00	COMPLETED
128	128	2000.00	2024-09-05	17:00:00	COMPLETED
129	129	2000.00	2024-09-06	09:30:00	COMPLETED
130	130	800.00	2024-09-06	09:15:00	COMPLETED
131	131	1800.00	2024-09-06	09:30:00	COMPLETED
132	132	4000.00	2024-09-06	10:00:00	COMPLETED
133	133	2000.00	2024-09-06	09:45:00	COMPLETED
134	134	1500.00	2024-09-06	09:50:00	COMPLETED
135	135	3500.00	2024-09-06	10:45:00	COMPLETED
136	136	2000.00	2024-09-06	10:45:00	COMPLETED
137	137	6000.00	2024-09-06	11:45:00	COMPLETED
138	138	3500.00	2024-09-06	11:15:00	COMPLETED
139	139	5000.00	2024-09-06	12:15:00	COMPLETED
140	140	1800.00	2024-09-06	11:30:00	COMPLETED
141	141	1500.00	2024-09-06	11:35:00	COMPLETED
142	142	1800.00	2024-09-06	12:00:00	COMPLETED
143	143	2000.00	2024-09-06	12:15:00	COMPLETED
144	144	800.00	2024-09-06	12:15:00	COMPLETED
145	145	5000.00	2024-09-06	13:30:00	COMPLETED
146	146	2500.00	2024-09-06	13:40:00	COMPLETED
147	147	4000.00	2024-09-06	14:00:00	COMPLETED
148	148	2000.00	2024-09-06	14:00:00	COMPLETED
149	149	2000.00	2024-09-06	14:30:00	COMPLETED
150	150	3000.00	2024-09-06	14:45:00	COMPLETED
151	151	2000.00	2024-09-06	14:45:00	COMPLETED
152	152	3500.00	2024-09-06	15:15:00	COMPLETED
153	153	2000.00	2024-09-06	15:15:00	COMPLETED
154	154	1800.00	2024-09-06	15:30:00	COMPLETED
155	155	3500.00	2024-09-06	16:00:00	COMPLETED
156	156	2000.00	2024-09-06	16:00:00	COMPLETED
157	157	2000.00	2024-09-06	16:15:00	COMPLETED
158	158	1800.00	2024-09-06	16:30:00	COMPLETED
159	159	1800.00	2024-09-06	16:45:00	COMPLETED
160	160	6000.00	2024-09-06	18:00:00	COMPLETED
161	161	2000.00	2024-09-07	09:30:00	COMPLETED
162	162	800.00	2024-09-07	09:15:00	COMPLETED
163	163	1800.00	2024-09-07	09:30:00	COMPLETED
164	164	4000.00	2024-09-07	10:00:00	COMPLETED
165	165	2000.00	2024-09-07	09:45:00	COMPLETED
166	166	1500.00	2024-09-07	09:50:00	COMPLETED
167	167	1800.00	2024-09-07	10:15:00	COMPLETED
168	168	3500.00	2024-09-07	10:45:00	COMPLETED
169	169	2000.00	2024-09-07	10:45:00	COMPLETED
170	170	6000.00	2024-09-07	11:45:00	COMPLETED
171	171	3500.00	2024-09-07	11:15:00	COMPLETED
172	172	5000.00	2024-09-07	12:15:00	COMPLETED
173	173	2000.00	2024-09-07	11:30:00	COMPLETED
174	174	1500.00	2024-09-07	11:35:00	COMPLETED
175	175	1800.00	2024-09-07	12:00:00	COMPLETED
176	176	800.00	2024-09-07	12:00:00	COMPLETED
177	177	2500.00	2024-09-07	12:40:00	COMPLETED
178	178	4000.00	2024-09-07	13:15:00	COMPLETED
179	179	5000.00	2024-09-07	13:30:00	COMPLETED
180	180	2000.00	2024-09-07	13:30:00	COMPLETED
181	181	2000.00	2024-09-07	14:00:00	COMPLETED
182	182	3000.00	2024-09-07	14:15:00	COMPLETED
183	183	2000.00	2024-09-07	14:15:00	COMPLETED
184	184	3500.00	2024-09-07	14:45:00	COMPLETED
185	185	2000.00	2024-09-07	14:45:00	COMPLETED
186	186	1800.00	2024-09-07	15:00:00	COMPLETED
187	187	3500.00	2024-09-07	15:30:00	COMPLETED
188	188	2000.00	2024-09-07	15:30:00	COMPLETED
189	189	2000.00	2024-09-07	15:45:00	COMPLETED
190	190	1800.00	2024-09-07	16:00:00	COMPLETED
191	191	800.00	2024-09-07	16:00:00	COMPLETED
192	192	1800.00	2024-09-07	16:30:00	COMPLETED
193	193	6000.00	2024-09-07	17:30:00	COMPLETED
194	194	1500.00	2024-09-07	16:35:00	COMPLETED
195	195	5000.00	2024-09-07	17:45:00	COMPLETED
196	196	2000.00	2024-09-07	17:15:00	COMPLETED
197	197	2000.00	2024-09-07	17:00:00	COMPLETED
198	198	1800.00	2024-09-07	17:15:00	COMPLETED
199	199	2000.00	2024-09-08	10:30:00	COMPLETED
200	200	800.00	2024-09-08	10:15:00	COMPLETED
201	201	1800.00	2024-09-08	11:00:00	COMPLETED
202	202	4000.00	2024-09-08	11:30:00	COMPLETED
203	203	3500.00	2024-09-08	11:45:00	COMPLETED
204	204	2000.00	2024-09-08	12:15:00	COMPLETED
205	205	1500.00	2024-09-08	12:05:00	COMPLETED
206	206	6000.00	2024-09-08	13:30:00	COMPLETED
207	207	3500.00	2024-09-08	13:15:00	COMPLETED
208	208	5000.00	2024-09-08	14:30:00	COMPLETED
209	209	1800.00	2024-09-08	13:45:00	COMPLETED
210	210	1500.00	2024-09-08	13:50:00	COMPLETED
211	211	1800.00	2024-09-08	14:30:00	COMPLETED
212	212	2000.00	2024-09-08	15:00:00	COMPLETED
213	213	800.00	2024-09-08	15:00:00	COMPLETED
214	214	4000.00	2024-09-08	16:00:00	COMPLETED
215	215	5000.00	2024-09-08	16:30:00	COMPLETED
216	216	2000.00	2024-09-08	16:45:00	COMPLETED
217	217	2000.00	2024-09-09	09:30:00	COMPLETED
218	218	800.00	2024-09-09	09:15:00	COMPLETED
219	219	1800.00	2024-09-09	09:30:00	COMPLETED
220	220	4000.00	2024-09-09	10:00:00	COMPLETED
221	221	2000.00	2024-09-09	10:00:00	COMPLETED
222	222	1500.00	2024-09-09	10:05:00	COMPLETED
223	223	3500.00	2024-09-09	10:45:00	COMPLETED
224	224	2000.00	2024-09-09	10:45:00	COMPLETED
225	225	6000.00	2024-09-09	12:00:00	COMPLETED
226	226	3500.00	2024-09-09	11:30:00	COMPLETED
227	227	5000.00	2024-09-09	12:30:00	COMPLETED
228	228	1800.00	2024-09-09	11:45:00	COMPLETED
229	229	1500.00	2024-09-09	11:50:00	COMPLETED
230	230	1800.00	2024-09-09	12:30:00	COMPLETED
231	231	2000.00	2024-09-09	13:00:00	COMPLETED
232	232	800.00	2024-09-09	13:15:00	COMPLETED
233	233	2500.00	2024-09-09	13:40:00	COMPLETED
234	234	4000.00	2024-09-09	14:30:00	COMPLETED
235	235	5000.00	2024-09-09	14:45:00	COMPLETED
236	236	2000.00	2024-09-09	14:30:00	COMPLETED
237	237	2000.00	2024-09-09	15:00:00	COMPLETED
238	238	3000.00	2024-09-09	15:15:00	COMPLETED
239	239	2000.00	2024-09-09	15:15:00	COMPLETED
240	240	3500.00	2024-09-09	16:00:00	COMPLETED
241	241	2000.00	2024-09-09	16:00:00	COMPLETED
242	242	1800.00	2024-09-09	16:15:00	COMPLETED
243	243	3500.00	2024-09-09	16:45:00	COMPLETED
244	244	2000.00	2024-09-09	17:00:00	COMPLETED
245	245	2000.00	2024-09-10	09:30:00	COMPLETED
246	246	800.00	2024-09-10	09:15:00	COMPLETED
247	247	1800.00	2024-09-10	09:30:00	COMPLETED
248	248	4000.00	2024-09-10	10:00:00	COMPLETED
249	249	2000.00	2024-09-10	10:00:00	COMPLETED
250	250	3500.00	2024-09-10	10:45:00	COMPLETED
251	251	2000.00	2024-09-10	10:45:00	COMPLETED
252	252	1500.00	2024-09-10	10:35:00	COMPLETED
253	253	6000.00	2024-09-10	12:15:00	COMPLETED
254	254	3500.00	2024-09-10	11:45:00	COMPLETED
255	255	5000.00	2024-09-10	12:45:00	COMPLETED
256	256	1800.00	2024-09-10	12:00:00	COMPLETED
257	257	1500.00	2024-09-10	12:20:00	COMPLETED
258	258	1800.00	2024-09-10	12:45:00	COMPLETED
259	259	2000.00	2024-09-10	13:00:00	COMPLETED
260	260	800.00	2024-09-10	13:15:00	COMPLETED
261	261	2500.00	2024-09-10	13:40:00	COMPLETED
262	262	4000.00	2024-09-10	14:30:00	COMPLETED
263	263	5000.00	2024-09-10	14:45:00	COMPLETED
264	264	2000.00	2024-09-10	14:45:00	COMPLETED
265	265	2000.00	2024-09-10	15:15:00	COMPLETED
266	266	3000.00	2024-09-10	15:30:00	COMPLETED
267	267	2000.00	2024-09-10	15:30:00	COMPLETED
268	268	3500.00	2024-09-10	16:15:00	COMPLETED
269	269	2000.00	2024-09-10	16:15:00	COMPLETED
270	270	1800.00	2024-09-10	16:45:00	COMPLETED
271	271	3500.00	2024-09-10	17:15:00	COMPLETED
272	272	2000.00	2024-09-11	09:30:00	COMPLETED
273	273	800.00	2024-09-11	09:15:00	COMPLETED
274	274	1800.00	2024-09-11	09:30:00	COMPLETED
275	275	4000.00	2024-09-11	10:00:00	COMPLETED
276	276	2000.00	2024-09-11	10:00:00	COMPLETED
277	277	3500.00	2024-09-11	10:45:00	COMPLETED
278	278	2000.00	2024-09-11	10:45:00	COMPLETED
279	279	1500.00	2024-09-11	10:35:00	COMPLETED
280	280	6000.00	2024-09-11	12:00:00	COMPLETED
281	281	3500.00	2024-09-11	11:45:00	COMPLETED
282	282	5000.00	2024-09-11	12:45:00	COMPLETED
283	283	1800.00	2024-09-11	12:00:00	COMPLETED
284	284	1500.00	2024-09-11	12:20:00	COMPLETED
285	285	1800.00	2024-09-11	12:45:00	COMPLETED
286	286	2000.00	2024-09-11	13:00:00	COMPLETED
287	287	800.00	2024-09-11	13:15:00	COMPLETED
288	288	2500.00	2024-09-11	13:40:00	COMPLETED
289	289	4000.00	2024-09-11	14:30:00	COMPLETED
290	290	5000.00	2024-09-11	14:45:00	COMPLETED
291	291	2000.00	2024-09-11	14:45:00	COMPLETED
292	292	2000.00	2024-09-11	15:15:00	COMPLETED
293	293	3000.00	2024-09-11	15:30:00	COMPLETED
294	294	2000.00	2024-09-11	15:30:00	COMPLETED
295	295	3500.00	2024-09-11	16:15:00	COMPLETED
296	296	2000.00	2024-09-11	16:15:00	COMPLETED
297	297	1800.00	2024-09-11	16:45:00	COMPLETED
298	298	3500.00	2024-09-11	17:15:00	COMPLETED
299	299	2000.00	2024-09-12	09:30:00	COMPLETED
300	300	800.00	2024-09-12	09:15:00	COMPLETED
301	301	1800.00	2024-09-12	09:30:00	COMPLETED
302	302	4000.00	2024-09-12	10:00:00	COMPLETED
303	303	2000.00	2024-09-12	10:00:00	COMPLETED
304	304	3500.00	2024-09-12	10:45:00	COMPLETED
305	305	2000.00	2024-09-12	10:45:00	COMPLETED
306	306	1500.00	2024-09-12	10:35:00	COMPLETED
307	307	6000.00	2024-09-12	12:15:00	COMPLETED
308	308	5000.00	2024-09-12	12:45:00	COMPLETED
309	309	1800.00	2024-09-12	12:00:00	COMPLETED
310	310	1500.00	2024-09-12	12:20:00	COMPLETED
311	311	1800.00	2024-09-12	12:45:00	COMPLETED
312	312	800.00	2024-09-12	13:15:00	COMPLETED
313	313	2500.00	2024-09-12	13:40:00	COMPLETED
314	314	4000.00	2024-09-12	14:30:00	COMPLETED
315	315	5000.00	2024-09-12	14:45:00	COMPLETED
316	316	2000.00	2024-09-12	14:45:00	COMPLETED
317	317	2000.00	2024-09-12	15:15:00	COMPLETED
318	318	3000.00	2024-09-12	15:30:00	COMPLETED
319	319	2000.00	2024-09-12	15:30:00	COMPLETED
320	320	3500.00	2024-09-12	16:15:00	COMPLETED
321	321	2000.00	2024-09-12	16:15:00	COMPLETED
322	322	1800.00	2024-09-12	16:45:00	COMPLETED
323	323	3500.00	2024-09-12	17:15:00	COMPLETED
324	324	2000.00	2024-09-13	09:30:00	COMPLETED
325	325	5000.00	2024-09-13	10:30:00	COMPLETED
326	326	1800.00	2024-09-13	09:30:00	COMPLETED
327	327	4000.00	2024-09-13	10:00:00	COMPLETED
328	328	1500.00	2024-09-13	09:50:00	COMPLETED
329	329	800.00	2024-09-13	10:00:00	COMPLETED
330	330	3500.00	2024-09-13	10:45:00	COMPLETED
331	331	2000.00	2024-09-13	10:45:00	COMPLETED
332	332	2500.00	2024-09-13	10:55:00	COMPLETED
333	333	6000.00	2024-09-13	12:00:00	COMPLETED
334	334	3500.00	2024-09-13	11:30:00	COMPLETED
335	335	2000.00	2024-09-13	11:30:00	COMPLETED
336	336	1500.00	2024-09-13	11:35:00	COMPLETED
337	337	1800.00	2024-09-13	12:00:00	COMPLETED
338	338	2000.00	2024-09-13	12:15:00	COMPLETED
339	339	800.00	2024-09-13	12:15:00	COMPLETED
340	340	5000.00	2024-09-13	13:30:00	COMPLETED
341	341	2000.00	2024-09-13	13:30:00	COMPLETED
342	342	4000.00	2024-09-13	14:00:00	COMPLETED
343	343	2000.00	2024-09-13	14:00:00	COMPLETED
344	344	2000.00	2024-09-13	14:30:00	COMPLETED
345	345	3000.00	2024-09-13	14:45:00	COMPLETED
346	346	2000.00	2024-09-13	14:45:00	COMPLETED
347	347	3500.00	2024-09-13	15:15:00	COMPLETED
348	348	1500.00	2024-09-13	15:05:00	COMPLETED
349	349	1800.00	2024-09-13	15:30:00	COMPLETED
350	350	3500.00	2024-09-13	16:00:00	COMPLETED
351	351	2000.00	2024-09-13	16:00:00	COMPLETED
352	352	2000.00	2024-09-13	16:15:00	COMPLETED
353	353	1800.00	2024-09-13	16:30:00	COMPLETED
354	354	1800.00	2024-09-13	16:45:00	COMPLETED
355	355	6000.00	2024-09-13	18:00:00	COMPLETED
356	356	2000.00	2024-09-14	09:30:00	COMPLETED
357	357	800.00	2024-09-14	09:15:00	COMPLETED
358	358	1800.00	2024-09-14	09:30:00	COMPLETED
359	359	4000.00	2024-09-14	10:00:00	COMPLETED
360	360	2000.00	2024-09-14	09:45:00	COMPLETED
361	361	1500.00	2024-09-14	09:50:00	COMPLETED
362	362	1800.00	2024-09-14	10:15:00	COMPLETED
363	363	3500.00	2024-09-14	10:45:00	COMPLETED
364	364	2000.00	2024-09-14	10:45:00	COMPLETED
365	365	6000.00	2024-09-14	11:45:00	COMPLETED
366	366	2500.00	2024-09-14	11:10:00	COMPLETED
367	367	5000.00	2024-09-14	12:15:00	COMPLETED
368	368	2000.00	2024-09-14	11:30:00	COMPLETED
369	369	1800.00	2024-09-14	11:45:00	COMPLETED
370	370	800.00	2024-09-14	11:45:00	COMPLETED
371	371	1500.00	2024-09-14	12:05:00	COMPLETED
372	372	4000.00	2024-09-14	13:00:00	COMPLETED
373	373	5000.00	2024-09-14	13:30:00	COMPLETED
374	374	2000.00	2024-09-14	13:30:00	COMPLETED
375	375	2000.00	2024-09-14	14:00:00	COMPLETED
376	376	3000.00	2024-09-14	14:15:00	COMPLETED
377	377	2000.00	2024-09-14	14:15:00	COMPLETED
378	378	3500.00	2024-09-14	14:45:00	COMPLETED
379	379	2000.00	2024-09-14	14:45:00	COMPLETED
380	380	1800.00	2024-09-14	15:00:00	COMPLETED
381	381	3500.00	2024-09-14	15:30:00	COMPLETED
382	382	2000.00	2024-09-14	15:30:00	COMPLETED
383	383	2000.00	2024-09-14	15:45:00	COMPLETED
384	384	1800.00	2024-09-14	16:00:00	COMPLETED
385	385	800.00	2024-09-14	16:00:00	COMPLETED
386	386	1800.00	2024-09-14	16:30:00	COMPLETED
387	387	6000.00	2024-09-14	17:30:00	COMPLETED
388	388	1500.00	2024-09-14	16:35:00	COMPLETED
389	389	5000.00	2024-09-14	17:45:00	COMPLETED
390	390	2000.00	2024-09-14	17:15:00	COMPLETED
391	391	2000.00	2024-09-14	17:00:00	COMPLETED
392	392	1800.00	2024-09-14	17:15:00	COMPLETED
393	393	2000.00	2024-09-15	10:30:00	COMPLETED
394	394	800.00	2024-09-15	10:15:00	COMPLETED
395	395	1800.00	2024-09-15	11:00:00	COMPLETED
396	396	4000.00	2024-09-15	11:30:00	COMPLETED
397	397	3500.00	2024-09-15	11:45:00	COMPLETED
398	398	2000.00	2024-09-15	12:15:00	COMPLETED
399	399	1500.00	2024-09-15	12:05:00	COMPLETED
400	400	6000.00	2024-09-15	13:30:00	COMPLETED
401	401	3500.00	2024-09-15	13:15:00	COMPLETED
402	402	5000.00	2024-09-15	14:30:00	COMPLETED
403	403	1800.00	2024-09-15	13:45:00	COMPLETED
404	404	1500.00	2024-09-15	13:50:00	COMPLETED
405	405	1800.00	2024-09-15	14:30:00	COMPLETED
406	406	2000.00	2024-09-15	15:00:00	COMPLETED
407	407	800.00	2024-09-15	15:00:00	COMPLETED
408	408	4000.00	2024-09-15	16:00:00	COMPLETED
409	409	5000.00	2024-09-15	16:30:00	COMPLETED
410	410	2000.00	2024-09-15	16:45:00	COMPLETED
411	411	2000.00	2024-09-16	09:30:00	COMPLETED
412	412	800.00	2024-09-16	09:15:00	COMPLETED
413	413	1800.00	2024-09-16	09:30:00	COMPLETED
414	414	4000.00	2024-09-16	10:00:00	COMPLETED
415	415	2000.00	2024-09-16	10:00:00	COMPLETED
416	416	3500.00	2024-09-16	10:45:00	COMPLETED
417	417	2000.00	2024-09-16	10:45:00	COMPLETED
418	418	2500.00	2024-09-16	10:55:00	COMPLETED
419	419	6000.00	2024-09-16	12:15:00	COMPLETED
420	420	3500.00	2024-09-16	11:45:00	COMPLETED
421	421	5000.00	2024-09-16	12:45:00	COMPLETED
422	422	1800.00	2024-09-16	12:00:00	COMPLETED
423	423	1500.00	2024-09-16	12:20:00	COMPLETED
424	424	1800.00	2024-09-16	12:45:00	COMPLETED
425	425	800.00	2024-09-16	13:15:00	COMPLETED
426	426	2500.00	2024-09-16	13:40:00	COMPLETED
427	427	4000.00	2024-09-16	14:30:00	COMPLETED
428	428	5000.00	2024-09-16	14:45:00	COMPLETED
429	429	2000.00	2024-09-16	14:45:00	COMPLETED
430	430	2000.00	2024-09-16	15:15:00	COMPLETED
431	431	3000.00	2024-09-16	15:30:00	COMPLETED
432	432	2000.00	2024-09-16	15:30:00	COMPLETED
433	433	3500.00	2024-09-16	16:15:00	COMPLETED
434	434	2000.00	2024-09-16	16:15:00	COMPLETED
435	435	1800.00	2024-09-16	16:45:00	COMPLETED
436	436	3500.00	2024-09-16	17:15:00	COMPLETED
437	437	2000.00	2024-09-19	09:30:00	COMPLETED
438	438	800.00	2024-09-19	09:15:00	COMPLETED
439	439	1800.00	2024-09-19	09:30:00	COMPLETED
440	440	4000.00	2024-09-19	10:00:00	COMPLETED
441	441	2000.00	2024-09-19	10:00:00	COMPLETED
442	442	3500.00	2024-09-19	10:45:00	COMPLETED
443	443	2000.00	2024-09-19	10:45:00	COMPLETED
444	444	1500.00	2024-09-19	10:35:00	COMPLETED
445	445	6000.00	2024-09-19	12:15:00	COMPLETED
446	446	3500.00	2024-09-19	11:45:00	COMPLETED
447	447	5000.00	2024-09-19	12:45:00	COMPLETED
448	448	1800.00	2024-09-19	12:00:00	COMPLETED
449	449	1800.00	2024-09-19	12:30:00	COMPLETED
450	450	2000.00	2024-09-19	12:45:00	COMPLETED
451	451	800.00	2024-09-19	13:15:00	COMPLETED
452	452	2500.00	2024-09-19	13:40:00	COMPLETED
453	453	4000.00	2024-09-19	14:30:00	COMPLETED
454	454	5000.00	2024-09-19	14:45:00	COMPLETED
455	455	2000.00	2024-09-19	14:45:00	COMPLETED
456	456	2000.00	2024-09-19	15:15:00	COMPLETED
457	457	3000.00	2024-09-19	15:30:00	COMPLETED
458	458	2000.00	2024-09-19	15:30:00	COMPLETED
459	459	3500.00	2024-09-19	16:15:00	COMPLETED
460	460	2000.00	2024-09-19	16:15:00	COMPLETED
461	461	1800.00	2024-09-19	16:45:00	COMPLETED
462	462	3500.00	2024-09-19	17:15:00	COMPLETED
463	463	2000.00	2024-09-20	09:30:00	COMPLETED
464	464	800.00	2024-09-20	09:15:00	COMPLETED
465	465	1800.00	2024-09-20	09:30:00	COMPLETED
466	466	4000.00	2024-09-20	10:00:00	COMPLETED
467	467	2000.00	2024-09-20	09:45:00	COMPLETED
468	468	1500.00	2024-09-20	09:50:00	COMPLETED
469	469	3500.00	2024-09-20	10:45:00	COMPLETED
470	470	2000.00	2024-09-20	10:45:00	COMPLETED
471	471	6000.00	2024-09-20	11:45:00	COMPLETED
472	472	3500.00	2024-09-20	11:15:00	COMPLETED
473	473	5000.00	2024-09-20	12:15:00	COMPLETED
474	474	1800.00	2024-09-20	11:30:00	COMPLETED
475	475	1500.00	2024-09-20	11:35:00	COMPLETED
476	476	1800.00	2024-09-20	12:00:00	COMPLETED
477	477	2000.00	2024-09-20	12:15:00	COMPLETED
478	478	800.00	2024-09-20	12:15:00	COMPLETED
479	479	5000.00	2024-09-20	13:30:00	COMPLETED
480	480	2500.00	2024-09-20	13:40:00	COMPLETED
481	481	4000.00	2024-09-20	14:00:00	COMPLETED
482	482	2000.00	2024-09-20	14:00:00	COMPLETED
483	483	2000.00	2024-09-20	14:30:00	COMPLETED
484	484	3000.00	2024-09-20	14:45:00	COMPLETED
485	485	2000.00	2024-09-20	14:45:00	COMPLETED
486	486	3500.00	2024-09-20	15:15:00	COMPLETED
487	487	1500.00	2024-09-20	15:05:00	COMPLETED
488	488	1800.00	2024-09-20	15:30:00	COMPLETED
489	489	3500.00	2024-09-20	16:00:00	COMPLETED
490	490	2000.00	2024-09-20	16:00:00	COMPLETED
491	491	2000.00	2024-09-20	16:15:00	COMPLETED
492	492	1800.00	2024-09-20	16:30:00	COMPLETED
493	493	1800.00	2024-09-20	16:45:00	COMPLETED
494	494	6000.00	2024-09-20	18:00:00	COMPLETED
495	495	2000.00	2024-09-20	17:15:00	COMPLETED
496	496	2000.00	2024-09-21	09:30:00	COMPLETED
497	497	800.00	2024-09-21	09:15:00	COMPLETED
498	498	1800.00	2024-09-21	09:30:00	COMPLETED
499	499	4000.00	2024-09-21	10:00:00	COMPLETED
500	500	2000.00	2024-09-21	09:45:00	COMPLETED
501	501	1500.00	2024-09-21	09:50:00	COMPLETED
502	502	1800.00	2024-09-21	10:15:00	COMPLETED
503	503	3500.00	2024-09-21	10:45:00	COMPLETED
504	504	2000.00	2024-09-21	10:45:00	COMPLETED
505	505	6000.00	2024-09-21	11:45:00	COMPLETED
506	506	2500.00	2024-09-21	11:10:00	COMPLETED
507	507	5000.00	2024-09-21	12:15:00	COMPLETED
508	508	2000.00	2024-09-21	11:30:00	COMPLETED
509	509	1800.00	2024-09-21	11:45:00	COMPLETED
510	510	800.00	2024-09-21	11:45:00	COMPLETED
511	511	1500.00	2024-09-21	12:05:00	COMPLETED
512	512	4000.00	2024-09-21	13:00:00	COMPLETED
513	513	5000.00	2024-09-21	13:30:00	COMPLETED
514	514	2000.00	2024-09-21	13:30:00	COMPLETED
515	515	2000.00	2024-09-21	14:00:00	COMPLETED
516	516	3000.00	2024-09-21	14:15:00	COMPLETED
517	517	2000.00	2024-09-21	14:15:00	COMPLETED
518	518	3500.00	2024-09-21	14:45:00	COMPLETED
519	519	2000.00	2024-09-21	14:45:00	COMPLETED
520	520	1800.00	2024-09-21	15:00:00	COMPLETED
521	521	3500.00	2024-09-21	15:30:00	COMPLETED
522	522	2000.00	2024-09-21	15:30:00	COMPLETED
523	523	2000.00	2024-09-21	15:45:00	COMPLETED
524	524	1800.00	2024-09-21	16:00:00	COMPLETED
525	525	800.00	2024-09-21	16:00:00	COMPLETED
526	526	1800.00	2024-09-21	16:30:00	COMPLETED
527	527	6000.00	2024-09-21	17:30:00	COMPLETED
528	528	1500.00	2024-09-21	16:35:00	COMPLETED
529	529	5000.00	2024-09-21	17:45:00	COMPLETED
530	530	2000.00	2024-09-21	17:15:00	COMPLETED
531	531	2000.00	2024-09-21	17:00:00	COMPLETED
532	532	1800.00	2024-09-21	17:15:00	COMPLETED
533	533	2000.00	2024-09-22	10:30:00	COMPLETED
534	534	800.00	2024-09-22	10:15:00	COMPLETED
535	535	1800.00	2024-09-22	11:00:00	COMPLETED
536	536	4000.00	2024-09-22	11:30:00	COMPLETED
537	537	3500.00	2024-09-22	11:45:00	COMPLETED
538	538	2000.00	2024-09-22	12:15:00	COMPLETED
539	539	1500.00	2024-09-22	12:05:00	COMPLETED
540	540	6000.00	2024-09-22	13:30:00	COMPLETED
541	541	3500.00	2024-09-22	13:15:00	COMPLETED
542	542	5000.00	2024-09-22	14:30:00	COMPLETED
543	543	1800.00	2024-09-22	13:45:00	COMPLETED
544	544	1500.00	2024-09-22	13:50:00	COMPLETED
545	545	1800.00	2024-09-22	14:30:00	COMPLETED
546	546	2000.00	2024-09-22	15:00:00	COMPLETED
547	547	800.00	2024-09-22	15:00:00	COMPLETED
548	548	4000.00	2024-09-22	16:00:00	COMPLETED
549	549	5000.00	2024-09-22	16:30:00	COMPLETED
550	550	2000.00	2024-09-22	16:45:00	COMPLETED
551	551	2000.00	2024-09-23	09:30:00	COMPLETED
552	552	800.00	2024-09-23	09:15:00	COMPLETED
553	553	1800.00	2024-09-23	09:30:00	COMPLETED
554	554	4000.00	2024-09-23	10:15:00	COMPLETED
555	555	2000.00	2024-09-23	10:00:00	COMPLETED
556	556	3500.00	2024-09-23	10:45:00	COMPLETED
557	557	2000.00	2024-09-23	11:00:00	COMPLETED
558	558	1500.00	2024-09-23	10:50:00	COMPLETED
559	559	6000.00	2024-09-23	12:15:00	COMPLETED
560	560	5000.00	2024-09-23	12:45:00	COMPLETED
561	561	1800.00	2024-09-23	12:00:00	COMPLETED
562	562	2000.00	2024-09-23	12:30:00	COMPLETED
563	563	800.00	2024-09-23	13:45:00	COMPLETED
564	564	2500.00	2024-09-23	14:25:00	COMPLETED
565	565	4000.00	2024-09-23	15:00:00	COMPLETED
566	566	1800.00	2024-09-23	15:30:00	COMPLETED
567	567	3500.00	2024-09-23	16:15:00	COMPLETED
568	568	2000.00	2024-09-23	16:30:00	COMPLETED
569	569	2000.00	2024-09-24	09:30:00	COMPLETED
570	570	800.00	2024-09-24	09:15:00	COMPLETED
571	571	1800.00	2024-09-24	09:30:00	COMPLETED
572	572	4000.00	2024-09-24	10:15:00	COMPLETED
573	573	1500.00	2024-09-24	09:50:00	COMPLETED
574	574	3500.00	2024-09-24	10:45:00	COMPLETED
575	575	2000.00	2024-09-24	11:00:00	COMPLETED
576	576	6000.00	2024-09-24	12:00:00	COMPLETED
577	577	3500.00	2024-09-24	11:45:00	COMPLETED
578	578	5000.00	2024-09-24	12:45:00	COMPLETED
579	579	1800.00	2024-09-24	12:00:00	COMPLETED
580	580	1500.00	2024-09-24	12:20:00	COMPLETED
581	581	1800.00	2024-09-24	13:00:00	COMPLETED
582	582	800.00	2024-09-24	13:45:00	COMPLETED
583	583	2500.00	2024-09-24	14:25:00	COMPLETED
584	584	4000.00	2024-09-24	15:00:00	COMPLETED
585	585	2000.00	2024-09-24	15:00:00	COMPLETED
586	586	2000.00	2024-09-24	15:45:00	COMPLETED
587	587	2000.00	2024-09-24	16:00:00	COMPLETED
588	588	1800.00	2024-09-24	16:30:00	COMPLETED
589	589	2000.00	2024-09-25	09:30:00	COMPLETED
590	590	800.00	2024-09-25	09:15:00	COMPLETED
591	591	1800.00	2024-09-25	09:30:00	COMPLETED
592	592	4000.00	2024-09-25	10:15:00	COMPLETED
593	593	2000.00	2024-09-25	10:00:00	COMPLETED
594	594	3500.00	2024-09-25	10:45:00	COMPLETED
595	595	2000.00	2024-09-25	11:00:00	COMPLETED
596	596	1500.00	2024-09-25	10:50:00	COMPLETED
597	597	6000.00	2024-09-25	12:15:00	COMPLETED
598	598	5000.00	2024-09-25	12:45:00	COMPLETED
599	599	1800.00	2024-09-25	12:00:00	COMPLETED
600	600	2000.00	2024-09-25	12:30:00	COMPLETED
601	601	800.00	2024-09-25	13:45:00	COMPLETED
602	602	2500.00	2024-09-25	14:25:00	COMPLETED
603	603	4000.00	2024-09-25	15:00:00	COMPLETED
604	604	1800.00	2024-09-25	15:30:00	COMPLETED
605	605	3500.00	2024-09-25	16:15:00	COMPLETED
606	606	2000.00	2024-09-25	16:30:00	COMPLETED
607	607	2000.00	2024-09-26	09:30:00	COMPLETED
608	608	800.00	2024-09-26	09:15:00	COMPLETED
609	609	1800.00	2024-09-26	09:30:00	COMPLETED
610	610	4000.00	2024-09-26	10:15:00	COMPLETED
611	611	1500.00	2024-09-26	09:50:00	COMPLETED
612	612	3500.00	2024-09-26	10:45:00	COMPLETED
613	613	2000.00	2024-09-26	11:00:00	COMPLETED
614	614	6000.00	2024-09-26	12:00:00	COMPLETED
615	615	3500.00	2024-09-26	11:45:00	COMPLETED
616	616	5000.00	2024-09-26	12:45:00	COMPLETED
617	617	1800.00	2024-09-26	12:00:00	COMPLETED
618	618	1500.00	2024-09-26	12:20:00	COMPLETED
619	619	1800.00	2024-09-26	13:00:00	COMPLETED
620	620	800.00	2024-09-26	13:45:00	COMPLETED
621	621	2500.00	2024-09-26	14:25:00	COMPLETED
622	622	4000.00	2024-09-26	15:00:00	COMPLETED
623	623	2000.00	2024-09-26	15:00:00	COMPLETED
624	624	2000.00	2024-09-26	15:45:00	COMPLETED
625	625	2000.00	2024-09-26	16:00:00	COMPLETED
626	626	1800.00	2024-09-26	16:30:00	COMPLETED
627	627	2000.00	2024-09-27	09:30:00	COMPLETED
628	628	800.00	2024-09-27	09:15:00	COMPLETED
629	629	1800.00	2024-09-27	09:30:00	COMPLETED
630	630	4000.00	2024-09-27	10:00:00	COMPLETED
631	631	2000.00	2024-09-27	09:45:00	COMPLETED
632	632	1500.00	2024-09-27	09:50:00	COMPLETED
633	633	1800.00	2024-09-27	10:15:00	COMPLETED
634	634	3500.00	2024-09-27	10:45:00	COMPLETED
635	635	2000.00	2024-09-27	10:45:00	COMPLETED
636	636	6000.00	2024-09-27	11:45:00	COMPLETED
637	637	2500.00	2024-09-27	11:10:00	COMPLETED
638	638	5000.00	2024-09-27	12:15:00	COMPLETED
639	639	2000.00	2024-09-27	11:30:00	COMPLETED
640	640	1800.00	2024-09-27	11:45:00	COMPLETED
641	641	800.00	2024-09-27	11:45:00	COMPLETED
642	642	1500.00	2024-09-27	12:05:00	COMPLETED
643	643	4000.00	2024-09-27	13:00:00	COMPLETED
644	644	5000.00	2024-09-27	13:30:00	COMPLETED
645	645	2500.00	2024-09-27	13:40:00	COMPLETED
646	646	4000.00	2024-09-27	14:00:00	COMPLETED
647	647	2000.00	2024-09-27	14:00:00	COMPLETED
648	648	2000.00	2024-09-27	14:30:00	COMPLETED
649	649	3000.00	2024-09-27	14:45:00	COMPLETED
650	650	2000.00	2024-09-27	15:00:00	COMPLETED
651	651	3500.00	2024-09-27	15:45:00	COMPLETED
652	652	1500.00	2024-09-27	15:50:00	COMPLETED
653	653	1800.00	2024-09-27	16:30:00	COMPLETED
654	654	3500.00	2024-09-27	17:15:00	COMPLETED
655	655	2000.00	2024-09-28	09:30:00	COMPLETED
656	656	800.00	2024-09-28	09:15:00	COMPLETED
657	657	1800.00	2024-09-28	09:30:00	COMPLETED
658	658	4000.00	2024-09-28	10:00:00	COMPLETED
659	659	2000.00	2024-09-28	09:45:00	COMPLETED
660	660	1500.00	2024-09-28	09:50:00	COMPLETED
661	661	1800.00	2024-09-28	10:15:00	COMPLETED
662	662	3500.00	2024-09-28	10:45:00	COMPLETED
663	663	2000.00	2024-09-28	10:45:00	COMPLETED
664	664	6000.00	2024-09-28	11:45:00	COMPLETED
665	665	2500.00	2024-09-28	11:10:00	COMPLETED
666	666	5000.00	2024-09-28	12:15:00	COMPLETED
667	667	2000.00	2024-09-28	11:30:00	COMPLETED
668	668	1800.00	2024-09-28	11:45:00	COMPLETED
669	669	800.00	2024-09-28	11:45:00	COMPLETED
670	670	1500.00	2024-09-28	12:05:00	COMPLETED
671	671	4000.00	2024-09-28	13:00:00	COMPLETED
672	672	5000.00	2024-09-28	13:30:00	COMPLETED
673	673	2000.00	2024-09-28	13:30:00	COMPLETED
674	674	2000.00	2024-09-28	14:00:00	COMPLETED
675	675	3000.00	2024-09-28	14:15:00	COMPLETED
676	676	2000.00	2024-09-28	14:15:00	COMPLETED
677	677	3500.00	2024-09-28	14:45:00	COMPLETED
678	678	2000.00	2024-09-28	14:45:00	COMPLETED
679	679	1800.00	2024-09-28	15:00:00	COMPLETED
680	680	3500.00	2024-09-28	15:30:00	COMPLETED
681	681	2000.00	2024-09-28	15:30:00	COMPLETED
682	682	2000.00	2024-09-28	15:45:00	COMPLETED
683	683	1800.00	2024-09-28	16:00:00	COMPLETED
684	684	800.00	2024-09-28	16:00:00	COMPLETED
685	685	1800.00	2024-09-28	16:30:00	COMPLETED
686	686	6000.00	2024-09-28	17:30:00	COMPLETED
687	687	1500.00	2024-09-28	16:35:00	COMPLETED
688	688	5000.00	2024-09-28	17:45:00	COMPLETED
689	689	2000.00	2024-09-28	17:15:00	COMPLETED
690	690	2000.00	2024-09-28	17:00:00	COMPLETED
691	691	2000.00	2024-09-29	10:30:00	COMPLETED
692	692	800.00	2024-09-29	10:15:00	COMPLETED
693	693	1800.00	2024-09-29	11:00:00	COMPLETED
694	694	4000.00	2024-09-29	11:30:00	COMPLETED
695	695	3500.00	2024-09-29	11:45:00	COMPLETED
696	696	2000.00	2024-09-29	12:15:00	COMPLETED
697	697	1500.00	2024-09-29	12:05:00	COMPLETED
698	698	6000.00	2024-09-29	13:30:00	COMPLETED
699	699	5000.00	2024-09-29	14:30:00	COMPLETED
700	700	1800.00	2024-09-29	13:45:00	COMPLETED
701	701	1500.00	2024-09-29	13:50:00	COMPLETED
702	702	1800.00	2024-09-29	14:30:00	COMPLETED
703	703	2000.00	2024-09-30	09:30:00	COMPLETED
704	704	800.00	2024-09-30	09:15:00	COMPLETED
705	705	1800.00	2024-09-30	09:30:00	COMPLETED
706	706	4000.00	2024-09-30	10:15:00	COMPLETED
707	707	2000.00	2024-09-30	10:00:00	COMPLETED
708	708	3500.00	2024-09-30	10:45:00	COMPLETED
709	709	2000.00	2024-09-30	11:00:00	COMPLETED
710	710	1500.00	2024-09-30	10:50:00	COMPLETED
711	711	6000.00	2024-09-30	12:15:00	COMPLETED
712	712	5000.00	2024-09-30	12:45:00	COMPLETED
713	713	1800.00	2024-09-30	12:00:00	COMPLETED
714	714	2000.00	2024-09-30	12:30:00	COMPLETED
715	715	800.00	2024-09-30	13:45:00	COMPLETED
716	716	2500.00	2024-09-30	14:25:00	COMPLETED
717	717	4000.00	2024-09-30	15:00:00	COMPLETED
718	718	1800.00	2024-09-30	15:30:00	COMPLETED
719	719	3500.00	2024-09-30	16:15:00	COMPLETED
720	720	2000.00	2024-09-30	16:30:00	COMPLETED
721	721	2000.00	2024-10-01	09:30:00	COMPLETED
722	722	800.00	2024-10-01	09:15:00	COMPLETED
723	723	1800.00	2024-10-01	09:30:00	COMPLETED
724	724	4000.00	2024-10-01	10:15:00	COMPLETED
725	725	1500.00	2024-10-01	09:50:00	COMPLETED
726	726	3500.00	2024-10-01	10:45:00	COMPLETED
727	727	2000.00	2024-10-01	11:00:00	COMPLETED
728	728	6000.00	2024-10-01	12:00:00	COMPLETED
729	729	3500.00	2024-10-01	11:45:00	COMPLETED
730	730	5000.00	2024-10-01	12:45:00	COMPLETED
731	731	1800.00	2024-10-01	12:00:00	COMPLETED
732	732	1500.00	2024-10-01	12:20:00	COMPLETED
733	733	1800.00	2024-10-01	13:00:00	COMPLETED
734	734	800.00	2024-10-01	13:45:00	COMPLETED
735	735	2500.00	2024-10-01	14:25:00	COMPLETED
736	736	4000.00	2024-10-01	15:00:00	COMPLETED
737	737	2000.00	2024-10-01	15:00:00	COMPLETED
738	738	2000.00	2024-10-01	15:45:00	COMPLETED
739	739	2000.00	2024-10-01	16:00:00	COMPLETED
740	740	1800.00	2024-10-01	16:30:00	COMPLETED
741	741	2000.00	2024-10-02	09:30:00	COMPLETED
742	742	800.00	2024-10-02	09:15:00	COMPLETED
743	743	1800.00	2024-10-02	09:30:00	COMPLETED
744	744	4000.00	2024-10-02	10:15:00	COMPLETED
745	745	2000.00	2024-10-02	10:00:00	COMPLETED
746	746	3500.00	2024-10-02	10:45:00	COMPLETED
747	747	2000.00	2024-10-02	11:00:00	COMPLETED
748	748	6000.00	2024-10-02	12:00:00	COMPLETED
749	749	3500.00	2024-10-02	11:30:00	COMPLETED
750	750	5000.00	2024-10-02	12:45:00	COMPLETED
751	751	1800.00	2024-10-02	12:00:00	COMPLETED
752	752	2000.00	2024-10-02	12:30:00	COMPLETED
753	753	800.00	2024-10-02	13:45:00	COMPLETED
754	754	2500.00	2024-10-02	14:25:00	COMPLETED
755	755	4000.00	2024-10-02	15:00:00	COMPLETED
756	756	1800.00	2024-10-02	15:30:00	COMPLETED
757	757	3500.00	2024-10-02	16:15:00	COMPLETED
758	758	2000.00	2024-10-02	16:30:00	COMPLETED
759	759	3500.00	2024-10-05	09:45:00	COMPLETED
760	760	2000.00	2024-10-05	09:45:00	COMPLETED
761	761	1800.00	2024-10-05	10:00:00	COMPLETED
762	762	6000.00	2024-10-05	11:15:00	COMPLETED
763	763	3500.00	2024-10-05	11:15:00	COMPLETED
764	764	5000.00	2024-10-05	11:45:00	COMPLETED
765	765	2000.00	2024-10-05	11:45:00	COMPLETED
766	766	800.00	2024-10-05	11:45:00	COMPLETED
767	767	3500.00	2024-10-05	13:45:00	COMPLETED
768	768	2000.00	2024-10-05	13:45:00	COMPLETED
769	769	1500.00	2024-10-05	13:50:00	COMPLETED
770	770	6000.00	2024-10-05	15:30:00	COMPLETED
771	771	3500.00	2024-10-05	15:45:00	COMPLETED
772	772	5000.00	2024-10-05	16:30:00	COMPLETED
773	773	2000.00	2024-10-05	16:45:00	COMPLETED
774	774	1800.00	2024-10-05	17:00:00	COMPLETED
775	775	3500.00	2024-10-06	10:45:00	COMPLETED
776	776	2000.00	2024-10-06	11:00:00	COMPLETED
777	777	1500.00	2024-10-06	11:20:00	COMPLETED
778	778	6000.00	2024-10-06	13:00:00	COMPLETED
779	779	3500.00	2024-10-06	13:45:00	COMPLETED
780	780	5000.00	2024-10-06	14:30:00	COMPLETED
781	781	2000.00	2024-10-06	14:45:00	COMPLETED
782	782	1800.00	2024-10-06	15:00:00	COMPLETED
783	783	1500.00	2024-10-07	09:20:00	COMPLETED
784	784	3500.00	2024-10-07	10:00:00	COMPLETED
785	785	2000.00	2024-10-07	10:00:00	COMPLETED
786	786	1500.00	2024-10-07	10:20:00	COMPLETED
787	787	2000.00	2024-10-07	11:00:00	COMPLETED
788	788	800.00	2024-10-07	11:15:00	COMPLETED
789	789	2000.00	2024-10-07	12:15:00	COMPLETED
790	790	1800.00	2024-10-07	12:30:00	COMPLETED
791	791	1800.00	2024-10-07	13:00:00	COMPLETED
792	792	1500.00	2024-10-07	14:20:00	COMPLETED
793	793	800.00	2024-10-07	14:45:00	COMPLETED
794	794	8000.00	2024-10-07	17:00:00	COMPLETED
795	795	1800.00	2024-10-07	16:00:00	COMPLETED
796	796	5000.00	2024-10-08	10:30:00	COMPLETED
797	797	1800.00	2024-10-08	10:00:00	COMPLETED
798	798	2000.00	2024-10-08	10:45:00	COMPLETED
799	799	2000.00	2024-10-08	11:00:00	COMPLETED
800	800	5000.00	2024-10-08	14:00:00	COMPLETED
801	801	3500.00	2024-10-08	14:15:00	COMPLETED
802	802	1800.00	2024-10-08	14:30:00	COMPLETED
803	803	800.00	2024-10-08	14:45:00	COMPLETED
852	853	4000.00	2024-10-19	16:00:00	COMPLETED
805	806	3500.00	2024-10-14	09:45:00	COMPLETED
806	807	2000.00	2024-10-14	10:15:00	COMPLETED
807	808	1500.00	2024-10-14	10:20:00	COMPLETED
808	809	3500.00	2024-10-14	11:15:00	COMPLETED
809	810	1800.00	2024-10-14	11:30:00	COMPLETED
810	811	2500.00	2024-10-14	14:40:00	COMPLETED
811	812	2000.00	2024-10-14	15:00:00	COMPLETED
812	813	8000.00	2024-10-14	17:00:00	COMPLETED
813	814	3000.00	2024-10-14	16:15:00	COMPLETED
814	815	4000.00	2024-10-15	10:00:00	COMPLETED
815	816	3500.00	2024-10-15	10:15:00	COMPLETED
816	817	2000.00	2024-10-15	10:45:00	COMPLETED
817	818	1800.00	2024-10-15	11:00:00	COMPLETED
818	819	2000.00	2024-10-15	14:30:00	COMPLETED
819	820	1500.00	2024-10-15	15:00:00	COMPLETED
820	821	4000.00	2024-10-15	16:00:00	COMPLETED
821	822	800.00	2024-10-15	15:45:00	COMPLETED
822	823	3500.00	2024-10-16	09:45:00	COMPLETED
823	824	2000.00	2024-10-16	10:15:00	COMPLETED
824	825	1500.00	2024-10-16	10:20:00	COMPLETED
825	826	3500.00	2024-10-16	11:15:00	COMPLETED
826	827	1800.00	2024-10-16	14:30:00	COMPLETED
827	828	2500.00	2024-10-16	15:10:00	COMPLETED
828	829	2000.00	2024-10-16	15:30:00	COMPLETED
829	830	8000.00	2024-10-16	17:30:00	COMPLETED
830	831	3000.00	2024-10-17	09:45:00	COMPLETED
831	832	4000.00	2024-10-17	10:30:00	COMPLETED
832	833	3500.00	2024-10-17	10:45:00	COMPLETED
833	834	2000.00	2024-10-17	11:15:00	COMPLETED
834	835	1800.00	2024-10-17	14:30:00	COMPLETED
835	836	2000.00	2024-10-17	15:00:00	COMPLETED
836	837	4000.00	2024-10-17	16:00:00	COMPLETED
837	838	800.00	2024-10-17	15:45:00	COMPLETED
838	839	3500.00	2024-10-18	09:45:00	COMPLETED
839	840	2000.00	2024-10-18	10:15:00	COMPLETED
840	841	1500.00	2024-10-18	10:20:00	COMPLETED
841	842	3500.00	2024-10-18	11:15:00	COMPLETED
842	843	1800.00	2024-10-18	14:30:00	COMPLETED
843	844	2500.00	2024-10-18	15:10:00	COMPLETED
844	845	2000.00	2024-10-18	15:30:00	COMPLETED
845	846	3000.00	2024-10-18	16:15:00	COMPLETED
846	847	4000.00	2024-10-19	10:00:00	COMPLETED
847	848	3500.00	2024-10-19	10:15:00	COMPLETED
848	849	2000.00	2024-10-19	10:45:00	COMPLETED
849	850	1800.00	2024-10-19	11:00:00	COMPLETED
850	851	2000.00	2024-10-19	14:30:00	COMPLETED
851	852	1500.00	2024-10-19	15:00:00	COMPLETED
853	854	800.00	2024-10-19	15:45:00	COMPLETED
854	855	3500.00	2024-10-21	09:45:00	COMPLETED
855	856	2000.00	2024-10-21	10:15:00	COMPLETED
856	857	1500.00	2024-10-21	10:20:00	COMPLETED
857	858	3500.00	2024-10-21	11:15:00	COMPLETED
858	859	1800.00	2024-10-21	11:30:00	COMPLETED
859	860	4000.00	2024-10-21	15:00:00	COMPLETED
860	861	8000.00	2024-10-21	16:30:00	COMPLETED
861	862	3000.00	2024-10-21	15:45:00	COMPLETED
862	863	4000.00	2024-10-21	16:30:00	COMPLETED
863	864	2000.00	2024-10-21	16:45:00	COMPLETED
864	865	800.00	2024-10-22	09:15:00	COMPLETED
865	866	2000.00	2024-10-22	10:00:00	COMPLETED
866	867	1500.00	2024-10-22	10:30:00	COMPLETED
867	868	800.00	2024-10-22	10:45:00	COMPLETED
868	869	5000.00	2024-10-22	12:00:00	COMPLETED
869	870	3500.00	2024-10-22	14:45:00	COMPLETED
870	871	2000.00	2024-10-22	15:15:00	COMPLETED
871	872	1500.00	2024-10-22	15:20:00	COMPLETED
872	873	3500.00	2024-10-22	16:15:00	COMPLETED
873	874	1800.00	2024-10-22	16:30:00	COMPLETED
874	875	4000.00	2024-10-23	10:00:00	COMPLETED
875	876	8000.00	2024-10-23	11:30:00	COMPLETED
876	877	3000.00	2024-10-23	10:45:00	COMPLETED
877	878	4000.00	2024-10-23	11:30:00	COMPLETED
878	879	2000.00	2024-10-23	11:45:00	COMPLETED
879	880	800.00	2024-10-23	14:15:00	COMPLETED
880	881	2000.00	2024-10-23	15:00:00	COMPLETED
881	882	1500.00	2024-10-23	15:30:00	COMPLETED
882	883	800.00	2024-10-23	15:45:00	COMPLETED
883	884	5000.00	2024-10-23	17:00:00	COMPLETED
884	885	1800.00	2024-10-24	09:30:00	COMPLETED
885	886	800.00	2024-10-24	09:15:00	COMPLETED
886	887	3500.00	2024-10-24	10:45:00	COMPLETED
887	888	2000.00	2024-10-24	10:30:00	COMPLETED
888	889	2000.00	2024-10-24	14:45:00	COMPLETED
889	890	5000.00	2024-10-24	15:30:00	COMPLETED
890	891	4000.00	2024-10-24	16:00:00	COMPLETED
891	892	2500.00	2024-10-24	16:00:00	COMPLETED
892	893	5000.00	2024-10-25	10:00:00	COMPLETED
893	894	1500.00	2024-10-25	09:50:00	COMPLETED
894	895	800.00	2024-10-25	10:15:00	COMPLETED
895	896	2000.00	2024-10-25	11:00:00	COMPLETED
896	897	1800.00	2024-10-25	14:30:00	COMPLETED
897	898	800.00	2024-10-25	14:45:00	COMPLETED
898	899	5000.00	2024-10-25	16:00:00	COMPLETED
899	900	2500.00	2024-10-25	16:00:00	COMPLETED
900	901	2000.00	2024-10-26	09:45:00	COMPLETED
901	902	5000.00	2024-10-26	10:30:00	COMPLETED
902	903	4000.00	2024-10-26	11:00:00	COMPLETED
903	904	2000.00	2024-10-26	11:00:00	COMPLETED
904	905	5000.00	2024-10-26	12:00:00	COMPLETED
905	906	1800.00	2024-10-26	14:30:00	COMPLETED
906	907	1500.00	2024-10-26	14:50:00	COMPLETED
907	908	800.00	2024-10-26	15:15:00	COMPLETED
908	909	2500.00	2024-10-26	16:00:00	COMPLETED
909	910	800.00	2024-10-28	09:15:00	COMPLETED
910	911	800.00	2024-10-28	09:45:00	COMPLETED
911	912	2000.00	2024-10-28	10:30:00	COMPLETED
912	913	5000.00	2024-10-28	15:00:00	COMPLETED
913	914	4000.00	2024-10-28	15:30:00	COMPLETED
914	915	2500.00	2024-10-28	15:30:00	COMPLETED
915	916	1500.00	2024-10-29	09:20:00	COMPLETED
916	917	800.00	2024-10-29	09:45:00	COMPLETED
917	918	2000.00	2024-10-29	10:30:00	COMPLETED
918	919	800.00	2024-10-29	14:15:00	COMPLETED
919	920	4000.00	2024-10-29	15:30:00	COMPLETED
920	921	2500.00	2024-10-29	15:30:00	COMPLETED
921	922	5000.00	2024-10-30	10:00:00	COMPLETED
922	923	800.00	2024-10-30	09:45:00	COMPLETED
923	924	2000.00	2024-10-30	10:30:00	COMPLETED
924	925	1500.00	2024-10-30	14:20:00	COMPLETED
925	926	4000.00	2024-10-30	15:30:00	COMPLETED
926	927	2500.00	2024-10-30	15:30:00	COMPLETED
927	928	800.00	2024-10-31	09:15:00	COMPLETED
928	929	800.00	2024-10-31	09:45:00	COMPLETED
929	930	2000.00	2024-10-31	10:30:00	COMPLETED
930	931	5000.00	2024-10-31	15:00:00	COMPLETED
931	932	4000.00	2024-10-31	15:30:00	COMPLETED
932	933	2500.00	2024-10-31	15:30:00	COMPLETED
933	934	2000.00	2024-11-01	09:30:00	COMPLETED
934	935	800.00	2024-11-01	09:15:00	COMPLETED
935	936	4000.00	2024-11-01	10:00:00	COMPLETED
936	937	4000.00	2024-11-01	10:00:00	COMPLETED
937	938	1500.00	2024-11-01	09:50:00	COMPLETED
938	939	3500.00	2024-11-01	10:45:00	COMPLETED
939	940	2000.00	2024-11-01	10:45:00	COMPLETED
940	941	5000.00	2024-11-01	12:30:00	COMPLETED
941	942	1800.00	2024-11-01	12:00:00	COMPLETED
942	943	1500.00	2024-11-01	11:50:00	COMPLETED
945	946	1800.00	2024-11-01	13:30:00	COMPLETED
946	947	2000.00	2024-11-01	14:00:00	COMPLETED
947	948	1800.00	2024-11-01	14:30:00	COMPLETED
948	949	2500.00	2024-11-01	15:10:00	COMPLETED
949	950	4000.00	2024-11-01	16:00:00	COMPLETED
950	951	5000.00	2024-11-01	16:30:00	COMPLETED
951	952	2000.00	2024-11-01	16:30:00	COMPLETED
952	953	2000.00	2024-11-02	10:30:00	COMPLETED
953	954	800.00	2024-11-02	10:15:00	COMPLETED
954	955	8000.00	2024-11-02	12:00:00	COMPLETED
955	956	4000.00	2024-11-02	11:30:00	COMPLETED
956	957	4000.00	2024-11-02	12:00:00	COMPLETED
957	958	1500.00	2024-11-02	11:20:00	COMPLETED
958	959	3500.00	2024-11-02	12:15:00	COMPLETED
959	960	3000.00	2024-11-02	11:30:00	CANCELLED
960	961	3500.00	2024-11-02	12:00:00	CANCELLED
961	962	2000.00	2024-11-02	13:45:00	COMPLETED
962	963	5000.00	2024-11-02	15:00:00	COMPLETED
963	964	1800.00	2024-11-02	14:30:00	COMPLETED
964	965	1500.00	2024-11-02	14:50:00	COMPLETED
965	966	1800.00	2024-11-02	15:30:00	COMPLETED
966	967	1500.00	2024-11-02	15:50:00	COMPLETED
967	968	2000.00	2024-11-03	09:00:00	CANCELLED
968	969	800.00	2024-11-03	09:15:00	COMPLETED
969	970	4000.00	2024-11-03	10:00:00	COMPLETED
970	971	4000.00	2024-11-03	10:30:00	COMPLETED
971	972	1500.00	2024-11-03	10:20:00	COMPLETED
972	973	3500.00	2024-11-03	10:45:00	COMPLETED
973	974	2000.00	2024-11-03	11:15:00	COMPLETED
974	975	1800.00	2024-11-03	11:30:00	COMPLETED
975	976	1800.00	2024-11-03	12:00:00	COMPLETED
976	977	1500.00	2024-11-03	12:20:00	COMPLETED
977	978	1800.00	2024-11-03	13:00:00	COMPLETED
978	979	1500.00	2024-11-03	13:20:00	COMPLETED
979	980	2500.00	2024-11-03	14:10:00	COMPLETED
980	981	5000.00	2024-11-03	14:00:00	CANCELLED
982	983	6000.00	2024-11-03	16:45:36	COMPLETED
984	985	4000.00	2024-11-03	14:30:00	PENDING
991	992	3500.00	2024-11-03	17:00:00	PENDING
992	993	1500.00	2024-11-03	16:50:00	PENDING
943	944	8000.00	2024-11-01	09:30:00	CANCELLED
944	945	1500.00	2024-11-01	10:30:00	CANCELLED
993	994	2000.00	2024-11-04	09:00:00	PENDING
994	995	800.00	2024-11-04	09:00:00	PENDING
995	996	4000.00	2024-11-04	09:30:00	PENDING
996	997	4000.00	2024-11-04	10:00:00	PENDING
997	998	1500.00	2024-11-04	10:30:00	PENDING
998	999	3500.00	2024-11-04	13:00:00	PENDING
999	1000	2000.00	2024-11-04	13:30:00	PENDING
1000	1001	5000.00	2024-11-04	14:00:00	PENDING
1001	1002	1800.00	2024-11-04	14:30:00	PENDING
1002	1003	1500.00	2024-11-04	15:00:00	PENDING
985	986	3500.00	2024-11-03	14:45:00	PENDING
986	987	1500.00	2024-11-03	14:45:00	PENDING
987	988	2000.00	2024-11-03	16:00:00	PENDING
988	989	3500.00	2024-11-03	16:15:00	PENDING
989	990	2000.00	2024-11-03	16:15:00	PENDING
990	991	1800.00	2024-11-03	16:30:00	PENDING
981	982	8000.00	2024-11-03	15:59:55	COMPLETED
983	984	5000.00	2024-11-03	03:49:03	COMPLETED
1005	1007	2000.00	2024-12-30	16:41:16	COMPLETED
1007	1009	2000.00	2025-01-02	11:00:00	PENDING
1006	1008	2000.00	2025-01-02	09:44:13	COMPLETED
\.


--
-- TOC entry 4943 (class 0 OID 41139)
-- Dependencies: 224
-- Data for Name: service; Type: TABLE DATA; Schema: public; Owner: postgres
--

COPY public.service (id, service_name, description, duration_min, price) FROM stdin;
1	Haircut	Professional haircut and style for all hair types	30	2000.00
2	Hair Wash & Blow Dry	Gentle hair wash followed by a blow dry	20	1500.00
3	Scalp Treatment	Deep cleansing and nourishing scalp treatment	45	3500.00
4	Manicure	Complete hand care including nail shaping and cuticle care	30	1800.00
5	Pedicure	Relaxing foot care with nail shaping and moisturizing	45	2000.00
6	Full Body Massage	Therapeutic massage for relaxation and muscle relief	60	5000.00
7	Facial	Custom facial treatment for glowing skin	60	4000.00
8	Head Massage	Relaxing head massage to relieve tension	20	1500.00
9	Body Scrub	Exfoliating body scrub for smooth and refreshed skin	45	3000.00
10	Eyebrow Shaping	Precision eyebrow shaping to suit your face	15	800.00
11	Foot Massage	Relaxing foot massage to relieve fatigue	30	1500.00
12	Hair Coloring - Classic	Full hair coloring with a range of color options	60	5000.00
13	Hair Coloring - Premium	Full hair coloring with a range of color options	90	6000.00
14	Deep Conditioning Treatment - Express	Intensive conditioning for healthy hair	30	2500.00
15	Deep Conditioning Treatment - Advanced	Intensive conditioning for healthy hair	45	3000.00
16	Basic Hair Styling - Quick	Simple and quick styling for everyday looks	20	1500.00
17	Basic Hair Styling - Styled	Quick styling for an everyday look	30	1800.00
18	Formal Hair Styling - Premium	Elegant updo hairstyle for formal events	45	3500.00
19	Hair Curling Service	Professional curling for a wavy look	40	2500.00
20	Hair Straightening - Classic	Quick hair straightening for a sleek look	30	2000.00
21	Hair Straightening - Premium	Professional straightening for smooth, sleek hair	45	3500.00
22	Wedding Hair Styling	Special styling for brides on their big day	120	8000.00
23	Special Event Hair Styling	Special styling for grooms on their big day	90	5000.00
\.


--
-- TOC entry 4961 (class 0 OID 0)
-- Dependencies: 229
-- Name: appointment_id_seq; Type: SEQUENCE SET; Schema: public; Owner: postgres
--

SELECT pg_catalog.setval('public.appointment_id_seq', 1009, true);


--
-- TOC entry 4962 (class 0 OID 0)
-- Dependencies: 219
-- Name: customer_id_seq; Type: SEQUENCE SET; Schema: public; Owner: postgres
--

SELECT pg_catalog.setval('public.customer_id_seq', 479, true);


--
-- TOC entry 4963 (class 0 OID 0)
-- Dependencies: 221
-- Name: employee_id_seq; Type: SEQUENCE SET; Schema: public; Owner: postgres
--

SELECT pg_catalog.setval('public.employee_id_seq', 22, true);


--
-- TOC entry 4964 (class 0 OID 0)
-- Dependencies: 225
-- Name: employee_service_id_seq; Type: SEQUENCE SET; Schema: public; Owner: postgres
--

SELECT pg_catalog.setval('public.employee_service_id_seq', 74, true);


--
-- TOC entry 4965 (class 0 OID 0)
-- Dependencies: 227
-- Name: payment_id_seq; Type: SEQUENCE SET; Schema: public; Owner: postgres
--

SELECT pg_catalog.setval('public.payment_id_seq', 1007, true);


--
-- TOC entry 4966 (class 0 OID 0)
-- Dependencies: 223
-- Name: service_id_seq; Type: SEQUENCE SET; Schema: public; Owner: postgres
--

SELECT pg_catalog.setval('public.service_id_seq', 23, true);


--
-- TOC entry 4776 (class 2606 OID 41271)
-- Name: appointment appointment_customer_id_employee_service_id_appointment_dat_key; Type: CONSTRAINT; Schema: public; Owner: postgres
--

ALTER TABLE ONLY public.appointment
    ADD CONSTRAINT appointment_customer_id_employee_service_id_appointment_dat_key UNIQUE (customer_id, employee_service_id, appointment_date, appointment_time);


--
-- TOC entry 4778 (class 2606 OID 41269)
-- Name: appointment appointment_pkey; Type: CONSTRAINT; Schema: public; Owner: postgres
--

ALTER TABLE ONLY public.appointment
    ADD CONSTRAINT appointment_pkey PRIMARY KEY (id);


--
-- TOC entry 4759 (class 2606 OID 41118)
-- Name: customer customer_pkey; Type: CONSTRAINT; Schema: public; Owner: postgres
--

ALTER TABLE ONLY public.customer
    ADD CONSTRAINT customer_pkey PRIMARY KEY (id);


--
-- TOC entry 4764 (class 2606 OID 41129)
-- Name: employee employee_pkey; Type: CONSTRAINT; Schema: public; Owner: postgres
--

ALTER TABLE ONLY public.employee
    ADD CONSTRAINT employee_pkey PRIMARY KEY (id);


--
-- TOC entry 4770 (class 2606 OID 41157)
-- Name: employee_service employee_service_pkey; Type: CONSTRAINT; Schema: public; Owner: postgres
--

ALTER TABLE ONLY public.employee_service
    ADD CONSTRAINT employee_service_pkey PRIMARY KEY (id);


--
-- TOC entry 4774 (class 2606 OID 41259)
-- Name: payment payment_pkey; Type: CONSTRAINT; Schema: public; Owner: postgres
--

ALTER TABLE ONLY public.payment
    ADD CONSTRAINT payment_pkey PRIMARY KEY (id);


--
-- TOC entry 4768 (class 2606 OID 41149)
-- Name: service service_pkey; Type: CONSTRAINT; Schema: public; Owner: postgres
--

ALTER TABLE ONLY public.service
    ADD CONSTRAINT service_pkey PRIMARY KEY (id);


--
-- TOC entry 4766 (class 2606 OID 41131)
-- Name: employee unique_employee_phone; Type: CONSTRAINT; Schema: public; Owner: postgres
--

ALTER TABLE ONLY public.employee
    ADD CONSTRAINT unique_employee_phone UNIQUE (phone_number);


--
-- TOC entry 4772 (class 2606 OID 41159)
-- Name: employee_service unique_employee_service; Type: CONSTRAINT; Schema: public; Owner: postgres
--

ALTER TABLE ONLY public.employee_service
    ADD CONSTRAINT unique_employee_service UNIQUE (employee_id, service_id);


--
-- TOC entry 4762 (class 2606 OID 41120)
-- Name: customer unique_phone; Type: CONSTRAINT; Schema: public; Owner: postgres
--

ALTER TABLE ONLY public.customer
    ADD CONSTRAINT unique_phone UNIQUE (phone_number);


--
-- TOC entry 4779 (class 1259 OID 74043)
-- Name: idx_appointment_date; Type: INDEX; Schema: public; Owner: postgres
--

CREATE INDEX idx_appointment_date ON public.appointment USING btree (appointment_date);


--
-- TOC entry 4780 (class 1259 OID 74042)
-- Name: idx_appointment_datetime; Type: INDEX; Schema: public; Owner: postgres
--

CREATE INDEX idx_appointment_datetime ON public.appointment USING btree (appointment_date, appointment_time);


--
-- TOC entry 4781 (class 1259 OID 74054)
-- Name: idx_appointment_status_date; Type: INDEX; Schema: public; Owner: postgres
--

CREATE INDEX idx_appointment_status_date ON public.appointment USING btree (status, appointment_date) WHERE (status = 'completed'::public.appointment_status);


--
-- TOC entry 4782 (class 1259 OID 74044)
-- Name: idx_appointment_year_month; Type: INDEX; Schema: public; Owner: postgres
--

CREATE INDEX idx_appointment_year_month ON public.appointment USING btree (EXTRACT(year FROM appointment_date), EXTRACT(month FROM appointment_date));


--
-- TOC entry 4760 (class 1259 OID 74053)
-- Name: idx_gender_service; Type: INDEX; Schema: public; Owner: postgres
--

CREATE INDEX idx_gender_service ON public.customer USING btree (gender) INCLUDE (id);


--
-- TOC entry 4783 (class 1259 OID 74046)
-- Name: idx_upcoming_appointment; Type: INDEX; Schema: public; Owner: postgres
--

CREATE INDEX idx_upcoming_appointment ON public.appointment USING btree (appointment_date, status, appointment_time) WHERE (status = ANY (ARRAY['scheduled'::public.appointment_status, 'in_progress'::public.appointment_status]));


--
-- TOC entry 4789 (class 2620 OID 41292)
-- Name: appointment create_appointment_payment; Type: TRIGGER; Schema: public; Owner: postgres
--

CREATE TRIGGER create_appointment_payment AFTER INSERT ON public.appointment FOR EACH ROW EXECUTE FUNCTION public.create_pending_payment();


--
-- TOC entry 4790 (class 2620 OID 41290)
-- Name: appointment set_appointment_end_time; Type: TRIGGER; Schema: public; Owner: postgres
--

CREATE TRIGGER set_appointment_end_time BEFORE INSERT ON public.appointment FOR EACH ROW EXECUTE FUNCTION public.calculate_end_time();


--
-- TOC entry 4791 (class 2620 OID 90427)
-- Name: appointment update_employee_status_trigger; Type: TRIGGER; Schema: public; Owner: postgres
--

CREATE TRIGGER update_employee_status_trigger AFTER UPDATE ON public.appointment FOR EACH ROW EXECUTE FUNCTION public.update_employee_status();


--
-- TOC entry 4792 (class 2620 OID 41333)
-- Name: appointment update_payment_status_on_appointment; Type: TRIGGER; Schema: public; Owner: postgres
--

CREATE TRIGGER update_payment_status_on_appointment AFTER UPDATE OF status ON public.appointment FOR EACH ROW WHEN ((new.status <> old.status)) EXECUTE FUNCTION public.update_payment_on_appointment_status();


--
-- TOC entry 4787 (class 2606 OID 41272)
-- Name: appointment appointment_customer_id_fkey; Type: FK CONSTRAINT; Schema: public; Owner: postgres
--

ALTER TABLE ONLY public.appointment
    ADD CONSTRAINT appointment_customer_id_fkey FOREIGN KEY (customer_id) REFERENCES public.customer(id);


--
-- TOC entry 4788 (class 2606 OID 41277)
-- Name: appointment appointment_employee_service_id_fkey; Type: FK CONSTRAINT; Schema: public; Owner: postgres
--

ALTER TABLE ONLY public.appointment
    ADD CONSTRAINT appointment_employee_service_id_fkey FOREIGN KEY (employee_service_id) REFERENCES public.employee_service(id);


--
-- TOC entry 4786 (class 2606 OID 41283)
-- Name: payment fk_appointment; Type: FK CONSTRAINT; Schema: public; Owner: postgres
--

ALTER TABLE ONLY public.payment
    ADD CONSTRAINT fk_appointment FOREIGN KEY (appointment_id) REFERENCES public.appointment(id);


--
-- TOC entry 4784 (class 2606 OID 41160)
-- Name: employee_service fk_employee; Type: FK CONSTRAINT; Schema: public; Owner: postgres
--

ALTER TABLE ONLY public.employee_service
    ADD CONSTRAINT fk_employee FOREIGN KEY (employee_id) REFERENCES public.employee(id);


--
-- TOC entry 4785 (class 2606 OID 41165)
-- Name: employee_service fk_service; Type: FK CONSTRAINT; Schema: public; Owner: postgres
--

ALTER TABLE ONLY public.employee_service
    ADD CONSTRAINT fk_service FOREIGN KEY (service_id) REFERENCES public.service(id);


-- Completed on 2025-05-21 16:20:20

--
-- PostgreSQL database dump complete
--

